sku,attribute_set_code,unit_per_pack,product_type,name,weight,product_online,visibility,price,base_image,created_at,qty,parent_sku,brand,color,cost,flavor,manufacturer,nicotine_level,puff_counts,reg_category,volume,pack_size,canonical_name,single_product_sku,original_qty
DGEBAP500002,Disposables,,simple,Geek Bar Disposable 10 Pack - Blueberry Ice,1.000000,1,Not Visible Individually,19.990000,/g/e/geekbar1_530x_1_1.png,"12/7/20, 9:49 AM",0,Geek Bar Disposable 10 Pack,Geek Bar,,36.5,Blueberry Ice,Geek Bar,,0,,,10,geek bar disposable 10 pack | blueberry ice,,0
DGEBAP500008,Disposables,,simple,Geek Bar Disposable 10 Pack - Sweet Strawberry,1.000000,1,Not Visible Individually,19.990000,/g/e/geekbar1_530x_13_1.png,"12/7/20, 9:49 AM",0,Geek Bar Disposable 10 Pack,Geek Bar,,36.5,Sweet Strawberry,Geek Bar,,0,,,10,geek bar disposable 10 pack | sweet strawberry,,0
DGEBAP500004,Disposables,,simple,Geek Bar Disposable 10 Pack - Mango Ice,1.000000,1,Not Visible Individually,19.990000,/g/e/geekbar1_530x_11.png,"12/7/20, 9:49 AM",0,Geek Bar Disposable 10 Pack,Geek Bar,,36.5,Mango Ice,Geek Bar,,0,,,10,geek bar disposable 10 pack | mango ice,,0
DGEBAP500010,Disposables,,simple,Geek Bar Disposable 10 Pack - Watermelon Ice,1.000000,1,Not Visible Individually,19.990000,/g/e/geekbar1_530x_10.png,"12/7/20, 9:49 AM",0,Geek Bar Disposable 10 Pack,Geek Bar,,36.5,Watermelon Ice,Geek Bar,,0,,,10,geek bar disposable 10 pack | watermelon ice,,0
DGEBAP500005,Disposables,,simple,Geek Bar Disposable 10 Pack - Menthol,1.000000,1,Not Visible Individually,19.990000,/g/e/geekbar1_530x_8.png,"12/7/20, 9:49 AM",0,Geek Bar Disposable 10 Pack,Geek Bar,,35.0,Menthol,Geek Bar,,0,,,10,geek bar disposable 10 pack | menthol,,0
DGEBAP500007,Disposables,,simple,Geek Bar Disposable 10 Pack - Sour Apple,1.000000,1,Not Visible Individually,19.990000,/g/e/geekbar1_530x_6.png,"12/7/20, 9:49 AM",0,Geek Bar Disposable 10 Pack,Geek Bar,,36.5,Sour Apple,Geek Bar,,0,,,10,geek bar disposable 10 pack | sour apple,,0
DGEBAP500003,Disposables,,simple,Geek Bar Disposable 10 Pack - Lychee Ice,1.000000,1,Not Visible Individually,19.990000,/g/e/geekbar1_530x_3_2.png,"12/7/20, 9:50 AM",0,Geek Bar Disposable 10 Pack,Geek Bar,,36.5,Lychee Ice,Geek Bar,,0,,,10,geek bar disposable 10 pack | lychee ice,,0
DGEBAP500001,Disposables,,simple,Geek Bar Disposable 10 Pack - Banana Ice,1.000000,1,Not Visible Individually,19.990000,/g/e/geekbar1_530x_7.png,"12/7/20, 9:50 AM",0,Geek Bar Disposable 10 Pack,Geek Bar,,36.5,Banana Ice,Geek Bar,,0,,,10,geek bar disposable 10 pack | banana ice,,0
DGEBAP500006,Disposables,,simple,Geek Bar Disposable 10 Pack - Peach Ice,1.000000,1,Not Visible Individually,19.990000,/g/e/geekbar1_530x_4.png,"12/7/20, 9:52 AM",0,Geek Bar Disposable 10 Pack,Geek Bar,,36.5,Peach Ice,Geek Bar,,0,,,10,geek bar disposable 10 pack | peach ice,,0
DGEBAP500009,Disposables,,simple,Geek Bar Disposable 10 Pack - Tobacco,1.000000,1,Not Visible Individually,19.990000,/g/e/geekbar1_530x_9.png,"12/7/20, 9:52 AM",0,Geek Bar Disposable 10 Pack,Geek Bar,,35.0,Tobacco,Geek Bar,,0,,,10,geek bar disposable 10 pack | tobacco,,0
Geek Bar Pro Disposable 1500 Puffs - Aloe Mango Melon Ice,Disposables,,simple,Geek Bar Pro Single Disposable 1500 Puffs - Aloe Mango Melon Ice,0.200000,1,Not Visible Individually,9.000000,,"3/31/21, 2:32 PM",0,Geek Bar Pro Disposable 1500 Puffs,Geek Bar,,5.8,Aloe Mango Melon Ice,Geek Bar,,0,,,1,geek bar pro disposable 1500 puffs | aloe mango melon ice,Geek Bar Pro Disposable 1500 Puffs - Aloe Mango Melon Ice,0
Geek Bar Pro Disposable 1500 Puffs - Blueberry Raspberry Lemon,Disposables,,simple,Geek Bar Pro Single Disposable 1500 Puffs - Blueberry Raspberry Lemon,0.200000,1,Not Visible Individually,9.000000,,"3/31/21, 2:32 PM",0,Geek Bar Pro Disposable 1500 Puffs,Geek Bar,,5.8,Blueberry Raspberry Lemon,Geek Bar,,0,,,1,geek bar pro disposable 1500 puffs | blueberry raspberry lemon,Geek Bar Pro Disposable 1500 Puffs - Blueberry Raspberry Lemon,0
Geek Bar Pro Disposable 1500 Puffs - Grape Soda,Disposables,,simple,Geek Bar Pro Single Disposable 1500 Puffs - Grape Soda,0.200000,1,Not Visible Individually,9.000000,,"3/31/21, 2:32 PM",0,Geek Bar Pro Disposable 1500 Puffs,Geek Bar,,5.8,Grape Soda,Geek Bar,,0,,,1,geek bar pro disposable 1500 puffs | grape soda,Geek Bar Pro Disposable 1500 Puffs - Grape Soda,0
Geek Bar Pro Disposable 1500 Puffs - Guava Ice,Disposables,,simple,Geek Bar Pro Single Disposable 1500 Puffs - Guava Ice,0.200000,1,Not Visible Individually,9.000000,,"3/31/21, 2:32 PM",0,Geek Bar Pro Disposable 1500 Puffs,Geek Bar,,5.8,Guava Ice,Geek Bar,,0,,,1,geek bar pro disposable 1500 puffs | guava ice,Geek Bar Pro Disposable 1500 Puffs - Guava Ice,0
Geek Bar Pro Disposable 1500 Puffs - Icy Cola,Disposables,,simple,Geek Bar Pro Single Disposable 1500 Puffs - Icy Cola,0.200000,1,Not Visible Individually,9.000000,,"3/31/21, 2:32 PM",0,Geek Bar Pro Disposable 1500 Puffs,Geek Bar,,5.8,Icy Cola,Geek Bar,,0,,,1,geek bar pro disposable 1500 puffs | icy cola,Geek Bar Pro Disposable 1500 Puffs - Icy Cola,0
Geek Bar Pro Disposable 1500 Puffs - Lush Ice,Disposables,,simple,Geek Bar Pro Single Disposable 1500 Puffs - Lush Ice,0.200000,1,Not Visible Individually,9.000000,,"3/31/21, 2:32 PM",0,Geek Bar Pro Disposable 1500 Puffs,Geek Bar,,5.8,Lush Ice,Geek Bar,,0,,,1,geek bar pro disposable 1500 puffs | lush ice,Geek Bar Pro Disposable 1500 Puffs - Lush Ice,0
Geek Bar Pro Disposable 1500 Puffs - Mixed Berries,Disposables,,simple,Geek Bar Pro Single Disposable 1500 Puffs - Mixed Berries,0.200000,1,Not Visible Individually,9.000000,,"3/31/21, 2:32 PM",0,Geek Bar Pro Disposable 1500 Puffs,Geek Bar,,5.8,Mixed Berries,Geek Bar,,0,,,1,geek bar pro disposable 1500 puffs | mixed berries,Geek Bar Pro Disposable 1500 Puffs - Mixed Berries,0
Geek Bar Pro Disposable 1500 Puffs - Orange Soda,Disposables,,simple,Geek Bar Pro Single Disposable 1500 Puffs - Orange Soda,0.200000,1,Not Visible Individually,9.000000,,"3/31/21, 2:32 PM",0,Geek Bar Pro Disposable 1500 Puffs,Geek Bar,,5.8,Orange Soda,Geek Bar,,0,,,1,geek bar pro disposable 1500 puffs | orange soda,Geek Bar Pro Disposable 1500 Puffs - Orange Soda,0
Geek Bar Pro Disposable 1500 Puffs - Peach Ice,Disposables,,simple,Geek Bar Pro Single Disposable 1500 Puffs - Peach Ice,0.200000,1,Not Visible Individually,9.000000,,"3/31/21, 2:32 PM",0,Geek Bar Pro Disposable 1500 Puffs,Geek Bar,,5.8,Peach Ice,Geek Bar,,0,,,1,geek bar pro disposable 1500 puffs | peach ice,Geek Bar Pro Disposable 1500 Puffs - Peach Ice,0
Geek Bar Pro Disposable 1500 Puffs - Strawberry Banana,Disposables,,simple,Geek Bar Pro Single Disposable 1500 Puffs - Strawberry Banana,0.200000,1,Not Visible Individually,9.000000,,"3/31/21, 2:32 PM",0,Geek Bar Pro Disposable 1500 Puffs,Geek Bar,,5.8,Strawberry Banana,Geek Bar,,0,,,1,geek bar pro disposable 1500 puffs | strawberry banana,Geek Bar Pro Disposable 1500 Puffs - Strawberry Banana,0
DGEBAP500011,Disposables,,simple,Geek Bar Disposable 10 Pack-Blueberry Bubble Gum,1.000000,1,Not Visible Individually,19.990000,/g/e/geekbar1_530x_14.png,"9/21/21, 4:59 PM",0,Geek Bar Disposable 10 Pack,Geek Bar,,36.5,Blueberry Bubble Gum,Geek Bar,,0,,,10,geek bar disposable 10 pack | blueberry bubble gum,,0
DGEBAP500012,Disposables,,simple,Geek Bar Disposable 10 Pack-Blackcurrant Menthol,1.000000,1,Not Visible Individually,19.990000,/g/e/geekbar1_530x_15.png,"1/3/22, 10:34 AM",0,Geek Bar Disposable 10 Pack,Geek Bar,,36.5,Blackcurrant Menthol,Geek Bar,,0,,,10,geek bar disposable 10 pack | blackcurrant menthol,,0
DGEBAP500013,Disposables,,simple,Geek Bar Disposable 10 Pack-Lemon Tart,1.000000,1,Not Visible Individually,19.990000,/g/e/geekbar1_530x_12_1.png,"1/3/22, 10:34 AM",0,Geek Bar Disposable 10 Pack,Geek Bar,,36.5,Lemon Tart,Geek Bar,,0,,,10,geek bar disposable 10 pack | lemon tart,,0
DGEBAP500015,Disposables,,simple,Geek Bar Disposable 10 Pack-Grape,1.000000,1,Not Visible Individually,19.990000,/g/e/geekbar1_530x_2_1.png,"1/6/22, 11:56 AM",0,Geek Bar Disposable 10 Pack,Geek Bar,,36.5,Grape,Geek Bar,,0,,,10,geek bar disposable 10 pack | grape,,0
DGEBAP500014,Disposables,,simple,Geek Bar Disposable 10 Pack-Pink Lemonade,1.000000,1,Not Visible Individually,19.990000,/g/e/geekbar1_530x_5.png,"1/6/22, 11:56 AM",0,Geek Bar Disposable 10 Pack,Geek Bar,,36.5,Pink Lemonade,Geek Bar,,0,,,10,geek bar disposable 10 pack | pink lemonade,,0
DGEBAP500016,Disposables,,simple,Geek Bar Disposable 10 Pack-Passion Fruit,1.000000,1,Not Visible Individually,19.990000,/g/e/geekbar1_530x_1.png,"1/14/22, 10:56 AM",0,Geek Bar Disposable 10 Pack,Geek Bar,,36.5,Passion Fruit,Geek Bar,,0,,,10,geek bar disposable 10 pack | passion fruit,,0
DGEBAP500018,Disposables,,simple,Geek Bar Disposable 10 Pack-Green Mango,1.000000,1,Not Visible Individually,19.990000,/g/e/geekbar1_530x_3.png,"1/14/22, 10:56 AM",0,Geek Bar Disposable 10 Pack,Geek Bar,,36.5,Green Mango,Geek Bar,,0,,,10,geek bar disposable 10 pack | green mango,,0
DGBABP500510,Disposables,Pack of 10,simple,Geek Bar B5000 Puffs Disposable 10-Pack-Guava Ice,1.000000,1,Not Visible Individually,99.970000,/g/e/geek-bar-b5000-disposable-5000-puffs_4_1.jpg,"3/30/23, 3:20 PM",0,Geek Bar B5000 Puffs Disposable 10-Pack,Geek Bar,,51.0,Guava Ice,Geek Bar,,0,,,10,geek bar b5000 puffs disposable 10-pack | guava ice,,0
DGBMMP500501,Disposables,5-Pack,simple,Geek Bar Meloso MAX 9000 Puffs Disposable-5-Pack-Berry Trio-5%,1.800000,1,Not Visible Individually,56.000000,/m/e/meloso-max-geekvape-berry-trio-ice_2.jpg,"5/24/23, 11:04 AM",0,Geek Bar Meloso MAX 9000 Puffs Disposable,Geek Bar,,30.5,Berry Trio,Geek Bar,5.0%,0,,,5,geek bar meloso max 9000 puffs disposable | 5.0% | berry trio,,0
DGBMMP500502,Disposables,5-Pack,simple,Geek Bar Meloso MAX 9000 Puffs Disposable-5-Pack-Clear-5%,1.800000,1,Not Visible Individually,56.000000,/m/e/meloso-max-geekvape-clear_1_1.jpg,"5/24/23, 11:04 AM",50,Geek Bar Meloso MAX 9000 Puffs Disposable,Geek Bar,,30.5,Clear,Geek Bar,5.0%,0,,,5,geek bar meloso max 9000 puffs disposable | 5.0% | clear,,10
DGBMMP500503,Disposables,5-Pack,simple,Geek Bar Meloso MAX 9000 Puffs Disposable-5-Pack-Cool Mint-5%,1.800000,1,Not Visible Individually,56.000000,/m/e/meloso-max-geekvape-cool-mint_2.jpg,"5/24/23, 11:04 AM",0,Geek Bar Meloso MAX 9000 Puffs Disposable,Geek Bar,,30.5,Cool Mint,Geek Bar,5.0%,0,,,5,geek bar meloso max 9000 puffs disposable | 5.0% | cool mint,,0
DGBMMP500504,Disposables,5-Pack,simple,Geek Bar Meloso MAX 9000 Puffs Disposable-5-Pack-Fuji Melon Ice-5%,1.800000,1,Not Visible Individually,56.000000,/m/e/meloso-max-geekvape-fuji-melon-ice_2.jpg,"5/24/23, 11:04 AM",885,Geek Bar Meloso MAX 9000 Puffs Disposable,Geek Bar,,30.5,Fuji Melon Ice,Geek Bar,5.0%,0,,,5,geek bar meloso max 9000 puffs disposable | 5.0% | fuji melon ice,,177
DGBMMP500505,Disposables,5-Pack,simple,Geek Bar Meloso MAX 9000 Puffs Disposable-5-Pack-Ginger Ale-5%,1.800000,1,Not Visible Individually,56.000000,/m/e/meloso-max-geekvape-ginger-ale_2.jpg,"5/24/23, 11:04 AM",0,Geek Bar Meloso MAX 9000 Puffs Disposable,Geek Bar,,30.5,Ginger Ale,Geek Bar,5.0%,0,,,5,geek bar meloso max 9000 puffs disposable | 5.0% | ginger ale,,0
DGBMMP500506,Disposables,5-Pack,simple,Geek Bar Meloso MAX 9000 Puffs Disposable-5-Pack-Green Monster-5%,1.800000,1,Not Visible Individually,56.000000,/m/e/meloso-max-geekvape-green-monster_2.jpg,"5/24/23, 11:04 AM",0,Geek Bar Meloso MAX 9000 Puffs Disposable,Geek Bar,,30.5,Green Monster,Geek Bar,5.0%,0,,,5,geek bar meloso max 9000 puffs disposable | 5.0% | green monster,,0
DGBMMP500507,Disposables,5-Pack,simple,Geek Bar Meloso MAX 9000 Puffs Disposable-5-Pack-Mexico Mango-5%,1.800000,1,Not Visible Individually,56.000000,/m/e/meloso-max-geekvape-mexican-mango_2.jpg,"5/24/23, 11:04 AM",0,Geek Bar Meloso MAX 9000 Puffs Disposable,Geek Bar,,30.5,Mexico Mango,Geek Bar,5.0%,0,,,5,geek bar meloso max 9000 puffs disposable | 5.0% | mexico mango,,0
DGBMMP500508,Disposables,5-Pack,simple,Geek Bar Meloso MAX 9000 Puffs Disposable-5-Pack-Peach Ice-5%,1.800000,1,Not Visible Individually,56.000000,/m/e/meloso-max-geekvape-peach-ice_2.jpg,"5/24/23, 11:04 AM",0,Geek Bar Meloso MAX 9000 Puffs Disposable,Geek Bar,,30.5,Peach Ice,Geek Bar,5.0%,0,,,5,geek bar meloso max 9000 puffs disposable | 5.0% | peach ice,,0
DGBMMP500509,Disposables,5-Pack,simple,Geek Bar Meloso MAX 9000 Puffs Disposable-5-Pack-Sour Apple Ice-5%,1.800000,1,Not Visible Individually,56.000000,/m/e/meloso-max-geekvape-sour-apple-ice_2.jpg,"5/24/23, 11:04 AM",0,Geek Bar Meloso MAX 9000 Puffs Disposable,Geek Bar,,30.5,Sour Apple Ice,Geek Bar,5.0%,0,,,5,geek bar meloso max 9000 puffs disposable | 5.0% | sour apple ice,,0
DGBMMP500510,Disposables,5-Pack,simple,Geek Bar Meloso MAX 9000 Puffs Disposable-5-Pack-Stone Freeze-5%,1.800000,1,Not Visible Individually,56.000000,/m/e/meloso-max-geekvape-stone-freeze_2.jpg,"5/24/23, 11:04 AM",0,Geek Bar Meloso MAX 9000 Puffs Disposable,Geek Bar,,30.5,Stone Freeze,Geek Bar,5.0%,0,,,5,geek bar meloso max 9000 puffs disposable | 5.0% | stone freeze,,0
DGBMMP500511,Disposables,5-Pack,simple,Geek Bar Meloso MAX 9000 Puffs Disposable-5-Pack-Strawberry Ice-5%,1.800000,1,Not Visible Individually,56.000000,/m/e/meloso-max-geekvape-strawberry-ice_2.jpg,"5/24/23, 11:04 AM",20,Geek Bar Meloso MAX 9000 Puffs Disposable,Geek Bar,,30.5,Strawberry Ice,Geek Bar,5.0%,0,,,5,geek bar meloso max 9000 puffs disposable | 5.0% | strawberry ice,,4
DGBMMP500512,Disposables,5-Pack,simple,Geek Bar Meloso MAX 9000 Puffs Disposable-5-Pack-Strawberry Mango-5%,1.800000,1,Not Visible Individually,56.000000,/m/e/meloso-max-geekvape-strawberry-mango_2.jpg,"5/24/23, 11:04 AM",0,Geek Bar Meloso MAX 9000 Puffs Disposable,Geek Bar,,30.5,Strawberry Mango,Geek Bar,5.0%,0,,,5,geek bar meloso max 9000 puffs disposable | 5.0% | strawberry mango,,0
DGBMMP500513,Disposables,5-Pack,simple,Geek Bar Meloso MAX 9000 Puffs Disposable-5-Pack-Strawberry Watermelon-5%,1.800000,1,Not Visible Individually,56.000000,/m/e/meloso-max-geekvape-strawberry-watermelon_2.jpg,"5/24/23, 11:04 AM",0,Geek Bar Meloso MAX 9000 Puffs Disposable,Geek Bar,,30.5,Strawberry Watermelon,Geek Bar,5.0%,0,,,5,geek bar meloso max 9000 puffs disposable | 5.0% | strawberry watermelon,,0
DGBMMP500514,Disposables,5-Pack,simple,Geek Bar Meloso MAX 9000 Puffs Disposable-5-Pack-Tropical Rainbow Blast-5%,1.800000,1,Not Visible Individually,56.000000,/m/e/meloso-max-geekvape-tropical-rainbowblast_2.jpg,"5/24/23, 11:04 AM",0,Geek Bar Meloso MAX 9000 Puffs Disposable,Geek Bar,,30.5,Tropical Rainbow Blast,Geek Bar,5.0%,0,,,5,geek bar meloso max 9000 puffs disposable | 5.0% | tropical rainbow blast,,0
DGBMMP500515,Disposables,5-Pack,simple,Geek Bar Meloso MAX 9000 Puffs Disposable-5-Pack-Watermelon Ice-5%,1.800000,1,Not Visible Individually,56.000000,/m/e/meloso-max-geekvape-watermelonice_2.jpg,"5/24/23, 11:04 AM",95,Geek Bar Meloso MAX 9000 Puffs Disposable,Geek Bar,,30.5,Watermelon Ice,Geek Bar,5.0%,0,,,5,geek bar meloso max 9000 puffs disposable | 5.0% | watermelon ice,,19
DGBMMP500521,Disposables,5-Pack,simple,Geek Bar Meloso MAX 9000 Puffs Disposable-5-Pack-Purple Haze-5.0%,1.800000,1,Not Visible Individually,56.000000,no_selection,"9/29/23, 11:03 AM",0,Geek Bar Meloso MAX 9000 Puffs Disposable,Geek Bar,,30.5,Purple Haze,Geek Bar,5.0%,0,,,5,geek bar meloso max 9000 puffs disposable | 5.0% | purple haze,,0
DGBMMP500520,Disposables,5-Pack,simple,Geek Bar Meloso MAX 9000 Puffs Disposable-5-Pack-Nectarine-5.0%,1.800000,1,Not Visible Individually,56.000000,no_selection,"9/29/23, 11:03 AM",155,Geek Bar Meloso MAX 9000 Puffs Disposable,Geek Bar,,30.5,Nectarine,Geek Bar,5.0%,0,,,5,geek bar meloso max 9000 puffs disposable | 5.0% | nectarine,,31
DGBMMP500516,Disposables,5-Pack,simple,Geek Bar Meloso MAX 9000 Puffs Disposable-5-Pack-Apple Sunrise-5.0%,1.800000,1,Not Visible Individually,56.000000,/g/e/geekbar_meloso_max_-_all_3.jpg,"9/29/23, 11:03 AM",0,Geek Bar Meloso MAX 9000 Puffs Disposable,Geek Bar,,30.5,Apple Sunrise,Geek Bar,5.0%,0,,,5,geek bar meloso max 9000 puffs disposable | 5.0% | apple sunrise,,0
DGBMMP500517,Disposables,5-Pack,simple,Geek Bar Meloso MAX 9000 Puffs Disposable-5-Pack-Coconut Shake-5.0%,1.800000,1,Not Visible Individually,56.000000,no_selection,"9/29/23, 11:03 AM",0,Geek Bar Meloso MAX 9000 Puffs Disposable,Geek Bar,,30.5,Coconut Shake,Geek Bar,5.0%,0,,,5,geek bar meloso max 9000 puffs disposable | 5.0% | coconut shake,,0
DGBMMP500518,Disposables,5-Pack,simple,Geek Bar Meloso MAX 9000 Puffs Disposable-5-Pack-Columbian Coffee Ice-5.0%,1.800000,1,Not Visible Individually,56.000000,no_selection,"9/29/23, 11:03 AM",20,Geek Bar Meloso MAX 9000 Puffs Disposable,Geek Bar,,30.5,Columbian Coffee Ice,Geek Bar,5.0%,0,,,5,geek bar meloso max 9000 puffs disposable | 5.0% | columbian coffee ice,,4
DGBMMP500519,Disposables,5-Pack,simple,Geek Bar Meloso MAX 9000 Puffs Disposable-5-Pack-Meta Moon-5.0%,1.800000,1,Not Visible Individually,56.000000,no_selection,"9/29/23, 11:03 AM",0,Geek Bar Meloso MAX 9000 Puffs Disposable,Geek Bar,,30.5,Meta Moon,Geek Bar,5.0%,0,,,5,geek bar meloso max 9000 puffs disposable | 5.0% | meta moon,,0
DGBPUP500116,Disposables,5-Pack,simple,"Geek Bar Pulse 15,000 Puffs Disposable-Black Cherry-5-Pack-5.0%",0.800000,1,Not Visible Individually,65.000000,/g/e/geek_bar_pulse_15000_2.jpg,"11/24/23, 10:37 AM",0,"Geek Bar Pulse 15,000 Puffs Disposable",Geek Bar,,34.75,Black Cherry,Geek Bar,5.0%,5000,Juice,16mL,5,"geek bar pulse 15,000 puffs disposable | 16ml | 5.0% | black cherry",,0
DGBPUP500117,Disposables,5-Pack,simple,"Geek Bar Pulse 15,000 Puffs Disposable-Blue Mint-5-Pack-5.0%",0.800000,1,Not Visible Individually,65.000000,/g/e/geek_bar_pulse_15000_3.jpg,"11/24/23, 10:37 AM",0,"Geek Bar Pulse 15,000 Puffs Disposable",Geek Bar,,34.75,Blue Mint,Geek Bar,5.0%,5000,Juice,16mL,5,"geek bar pulse 15,000 puffs disposable | 16ml | 5.0% | blue mint",,0
DGBPUP500118,Disposables,5-Pack,simple,"Geek Bar Pulse 15,000 Puffs Disposable-Cherry Bomb-5-Pack-5.0%",0.800000,1,Not Visible Individually,65.000000,/g/e/geek_bar_pulse_15000_4.jpg,"11/24/23, 10:37 AM",0,"Geek Bar Pulse 15,000 Puffs Disposable",Geek Bar,,34.75,Cherry Bomb,Geek Bar,5.0%,5000,Juice,16mL,5,"geek bar pulse 15,000 puffs disposable | 16ml | 5.0% | cherry bomb",,0
DGBPUP500119,Disposables,5-Pack,simple,"Geek Bar Pulse 15,000 Puffs Disposable-Dragon Melon-5-Pack-5.0%",0.800000,1,Not Visible Individually,65.000000,/g/e/geek_bar_pulse_15000_5.jpg,"11/24/23, 10:37 AM",0,"Geek Bar Pulse 15,000 Puffs Disposable",Geek Bar,,34.75,Dragon Melon,Geek Bar,5.0%,5000,Juice,16mL,5,"geek bar pulse 15,000 puffs disposable | 16ml | 5.0% | dragon melon",,0
DGBPUP500120,Disposables,5-Pack,simple,"Geek Bar Pulse 15,000 Puffs Disposable-Grape Blow Pop-5-Pack-5.0%",0.800000,1,Not Visible Individually,65.000000,/g/e/geek_bar_pulse_15000_6.jpg,"11/24/23, 10:37 AM",0,"Geek Bar Pulse 15,000 Puffs Disposable",Geek Bar,,34.75,Grape Blow Pop,Geek Bar,5.0%,5000,Juice,16mL,5,"geek bar pulse 15,000 puffs disposable | 16ml | 5.0% | grape blow pop",,0
DGBPUS500139,Disposables,Single Disposable,simple,"Geek Bar Pulse 15,000 Puffs Disposable-Peach Ice-Single Disposable-5.0%",0.300000,1,Not Visible Individually,13.000000,,"3/19/24, 7:04 PM",0,"Geek Bar Pulse 15,000 Puffs Disposable",Geek Bar,,6.95,Peach Ice (INT),Geek Bar,5.0%,5000,Juice,16mL,1,"geek bar pulse 15,000 puffs disposable | 16ml | 5.0% | peach ice (int)",DGBPUS500139,0
DGBPUS500140,Disposables,Single Disposable,simple,"Geek Bar Pulse 15,000 Puffs Disposable-Mexico Mango Ice (INT)-Single Disposable-5.0%",0.300000,1,Not Visible Individually,13.000000,,"3/19/24, 7:04 PM",0,"Geek Bar Pulse 15,000 Puffs Disposable",Geek Bar,,6.95,Mexico Mango Ice (INT),Geek Bar,5.0%,5000,Juice,16mL,1,"geek bar pulse 15,000 puffs disposable | 16ml | 5.0% | mexico mango ice (int)",DGBPUS500140,0
DGBPUS500141,Disposables,Single Disposable,simple,"Geek Bar Pulse 15,000 Puffs Disposable 16mL-Frozen Pina Colada-Single Disposable-5.0%",0.300000,1,Not Visible Individually,13.000000,,"5/1/24, 8:58 AM",0,"Geek Bar Pulse 15,000 Puffs Disposable",Geek Bar,,6.95,Frozen Pina Colada,Geek Bar,5.0%,5000,Juice,16mL,1,"geek bar pulse 15,000 puffs disposable | 16ml | 5.0% | frozen pina colada",DGBPUS500141,0
DGBPUS500142,Disposables,Single Disposable,simple,"Geek Bar Pulse 15,000 Puffs Disposable 16mL-Frozen Strawberry-Single Disposable-5.0%",0.300000,1,Not Visible Individually,13.000000,,"5/1/24, 8:58 AM",0,"Geek Bar Pulse 15,000 Puffs Disposable",Geek Bar,,6.95,Frozen Strawberry,Geek Bar,5.0%,5000,Juice,16mL,1,"geek bar pulse 15,000 puffs disposable | 16ml | 5.0% | frozen strawberry",DGBPUS500142,0
DGBPUS500143,Disposables,Single Disposable,simple,"Geek Bar Pulse 15,000 Puffs Disposable 16mL-Frozen Cherry Apple-Single Disposable-5.0%",0.300000,1,Not Visible Individually,13.000000,,"5/9/24, 12:25 PM",543,"Geek Bar Pulse 15,000 Puffs Disposable",Geek Bar,,6.95,Frozen Cherry Apple,Geek Bar,5.0%,5000,Juice,16mL,1,"geek bar pulse 15,000 puffs disposable | 16ml | 5.0% | frozen cherry apple",DGBPUS500143,543
DGBPUS500144,Disposables,Single Disposable,simple,"Geek Bar Pulse 15,000 Puffs Disposable 16mL-Frozen Blackberry Fab-Single Disposable-5.0%",0.300000,1,Not Visible Individually,13.000000,,"5/9/24, 12:25 PM",518,"Geek Bar Pulse 15,000 Puffs Disposable",Geek Bar,,6.95,Frozen Blackberry Fab,Geek Bar,5.0%,5000,Juice,16mL,1,"geek bar pulse 15,000 puffs disposable | 16ml | 5.0% | frozen blackberry fab",DGBPUS500144,518
DGBPUS500145,Disposables,Single Disposable,simple,"Geek Bar Pulse 15,000 Puffs Disposable 16mL-Frozen Watermelon-Single Disposable-5.0%",0.300000,1,Not Visible Individually,13.000000,,"5/9/24, 12:25 PM",276,"Geek Bar Pulse 15,000 Puffs Disposable",Geek Bar,,6.95,Frozen Watermelon,Geek Bar,5.0%,5000,Juice,16mL,1,"geek bar pulse 15,000 puffs disposable | 16ml | 5.0% | frozen watermelon",DGBPUS500145,276
DGBPUS500146,Disposables,Single Disposable,simple,"Geek Bar Pulse 15,000 Puffs Disposable 16mL-Frozen White Grape-Single Disposable-5.0%",0.300000,1,Not Visible Individually,13.000000,,"5/9/24, 12:25 PM",268,"Geek Bar Pulse 15,000 Puffs Disposable",Geek Bar,,6.95,Frozen White Grape,Geek Bar,5.0%,5000,Juice,16mL,1,"geek bar pulse 15,000 puffs disposable | 16ml | 5.0% | frozen white grape",DGBPUS500146,268
DGBSVS500201,Disposables,Single Disposable,simple,Geek Bar Skyview 25000 Puffs Rechargeable Disposable-Single Disposable-Blackberry Fcuking Fab-5.0%-16mL,0.300000,1,Not Visible Individually,15.950000,/g/e/geek_bar_skyview_25000_puffs_rechargeable_disposable_-_blackberry_fcuking_fab_1_2.jpg,"6/3/24, 2:49 PM",0,Geek Bar Skyview 25000 Puffs Rechargeable Disposable,Geek Bar,,7.85,Blackberry Fcuking Fab,Geek Bar,5.0%,25000,Disposables,16mL,1,geek bar skyview 25000 puffs rechargeable disposable | 16ml | 5.0% | blackberry fcuking fab,DGBSVS500201,0
DGBSVS500202,Disposables,Single Disposable,simple,Geek Bar Skyview 25000 Puffs Rechargeable Disposable-Single Disposable-Blue Razz Ice-5.0%-16mL,0.300000,1,Not Visible Individually,15.950000,/g/e/geek-bar-skyview-25k-blue-razz-ice.jpg,"6/3/24, 2:49 PM",0,Geek Bar Skyview 25000 Puffs Rechargeable Disposable,Geek Bar,,7.85,Blue Razz Ice,Geek Bar,5.0%,25000,Disposables,16mL,1,geek bar skyview 25000 puffs rechargeable disposable | 16ml | 5.0% | blue razz ice,DGBSVS500202,0
DGBSVS500204,Disposables,Single Disposable,simple,Geek Bar Skyview 25000 Puffs Rechargeable Disposable-Single Disposable-Cherry Strazz-5.0%-16mL,0.300000,1,Not Visible Individually,15.950000,/g/e/geek_bar_skyview_25000_puffs_rechargeable_disposable_-_cherry_strazz_1_2.jpg,"6/3/24, 2:49 PM",0,Geek Bar Skyview 25000 Puffs Rechargeable Disposable,Geek Bar,,7.85,Cherry Strazz,Geek Bar,5.0%,25000,Disposables,16mL,1,geek bar skyview 25000 puffs rechargeable disposable | 16ml | 5.0% | cherry strazz,DGBSVS500204,0
DGBSVS500205,Disposables,Single Disposable,simple,Geek Bar Skyview 25000 Puffs Rechargeable Disposable-Single Disposable-Miami Mint-5.0%-16mL,0.300000,1,Not Visible Individually,15.950000,/g/e/geek_bar_skyview_25000_puffs_rechargeable_disposable_-_miami_mint_1_2.jpg,"6/3/24, 2:49 PM",0,Geek Bar Skyview 25000 Puffs Rechargeable Disposable,Geek Bar,,7.85,Miami Mint,Geek Bar,5.0%,25000,Disposables,16mL,1,geek bar skyview 25000 puffs rechargeable disposable | 16ml | 5.0% | miami mint,DGBSVS500205,0
DGBSVS500206,Disposables,Single Disposable,simple,Geek Bar Skyview 25000 Puffs Rechargeable Disposable-Single Disposable-Peach Blue Slushy-5.0%-16mL,0.300000,1,Not Visible Individually,15.950000,/g/e/geek_bar_skyview_25000_puffs_rechargeable_disposable_-_peach_blue_slushy_1_2.jpg,"6/3/24, 2:49 PM",0,Geek Bar Skyview 25000 Puffs Rechargeable Disposable,Geek Bar,,7.85,Peach Blue Slushy,Geek Bar,5.0%,25000,Disposables,16mL,1,geek bar skyview 25000 puffs rechargeable disposable | 16ml | 5.0% | peach blue slushy,DGBSVS500206,0
DGBSVS500207,Disposables,Single Disposable,simple,Geek Bar Skyview 25000 Puffs Rechargeable Disposable-Single Disposable-Peach Raspberry-5.0%-16mL,0.300000,1,Not Visible Individually,15.950000,no_selection,"6/3/24, 2:49 PM",0,Geek Bar Skyview 25000 Puffs Rechargeable Disposable,Geek Bar,,7.85,Peach Raspberry,Geek Bar,5.0%,25000,Disposables,16mL,1,geek bar skyview 25000 puffs rechargeable disposable | 16ml | 5.0% | peach raspberry,DGBSVS500207,0
DGBSVS500208,Disposables,Single Disposable,simple,Geek Bar Skyview 25000 Puffs Rechargeable Disposable-Single Disposable-Sky Walker-5.0%-16mL,0.300000,1,Not Visible Individually,15.950000,/g/e/geek_bar_skyview_25000_puffs_rechargeable_disposable_-_sky_walker_1_2.jpg,"6/3/24, 2:49 PM",0,Geek Bar Skyview 25000 Puffs Rechargeable Disposable,Geek Bar,,7.85,Sky Walker,Geek Bar,5.0%,25000,Disposables,16mL,1,geek bar skyview 25000 puffs rechargeable disposable | 16ml | 5.0% | sky walker,DGBSVS500208,0
DGBSVS500209,Disposables,Single Disposable,simple,Geek Bar Skyview 25000 Puffs Rechargeable Disposable-Single Disposable-Sour Apple Ice-5.0%-16mL,0.300000,1,Not Visible Individually,15.950000,no_selection,"6/3/24, 2:49 PM",0,Geek Bar Skyview 25000 Puffs Rechargeable Disposable,Geek Bar,,7.85,Sour Apple Ice,Geek Bar,5.0%,25000,Disposables,16mL,1,geek bar skyview 25000 puffs rechargeable disposable | 16ml | 5.0% | sour apple ice,DGBSVS500209,0
DGBSVS500210,Disposables,Single Disposable,simple,Geek Bar Skyview 25000 Puffs Rechargeable Disposable-Single Disposable-Sour Watermelon Blue Razz-5.0%-16mL,0.300000,1,Not Visible Individually,15.950000,/g/e/geek_bar_skyview_25000_puffs_rechargeable_disposable_-_sour_watermelon_blue_razz_1_2.jpg,"6/3/24, 2:49 PM",0,Geek Bar Skyview 25000 Puffs Rechargeable Disposable,Geek Bar,,7.85,Sour Watermelon Blue Razz,Geek Bar,5.0%,25000,Disposables,16mL,1,geek bar skyview 25000 puffs rechargeable disposable | 16ml | 5.0% | sour watermelon blue razz,DGBSVS500210,0
DGBSVS500211,Disposables,Single Disposable,simple,Geek Bar Skyview 25000 Puffs Rechargeable Disposable-Single Disposable-Strawberry Banana-5.0%-16mL,0.300000,1,Not Visible Individually,15.950000,/g/e/geek-bar-skyview-25k-strawberry-banana_1__1.jpg,"6/3/24, 2:49 PM",0,Geek Bar Skyview 25000 Puffs Rechargeable Disposable,Geek Bar,,7.85,Strawberry Banana,Geek Bar,5.0%,25000,Disposables,16mL,1,geek bar skyview 25000 puffs rechargeable disposable | 16ml | 5.0% | strawberry banana,DGBSVS500211,0
DGBSVS500212,Disposables,Single Disposable,simple,Geek Bar Skyview 25000 Puffs Rechargeable Disposable-Single Disposable-Strawberry Ice-5.0%-16mL,0.300000,1,Not Visible Individually,15.950000,/g/e/geek-bar-skyview-25k-strawberry-watermelon-coconut_1__1.jpg,"6/3/24, 2:49 PM",0,Geek Bar Skyview 25000 Puffs Rechargeable Disposable,Geek Bar,,7.85,Strawberry Ice,Geek Bar,5.0%,25000,Disposables,16mL,1,geek bar skyview 25000 puffs rechargeable disposable | 16ml | 5.0% | strawberry ice,DGBSVS500212,0
DGBSVS500213,Disposables,Single Disposable,simple,Geek Bar Skyview 25000 Puffs Rechargeable Disposable-Single Disposable-Strawberry Watermelon Coconut-5.0%-16mL,0.300000,1,Not Visible Individually,15.950000,/g/e/geek_bar_skyview_25000_puffs_rechargeable_disposable_-_strawberry_watermelon_coconut_1_2.jpg,"6/3/24, 2:49 PM",0,Geek Bar Skyview 25000 Puffs Rechargeable Disposable,Geek Bar,,7.85,Strawberry Watermelon Coconut,Geek Bar,5.0%,25000,Disposables,16mL,1,geek bar skyview 25000 puffs rechargeable disposable | 16ml | 5.0% | strawberry watermelon coconut,DGBSVS500213,0
DGBSVS500214,Disposables,Single Disposable,simple,Geek Bar Skyview 25000 Puffs Rechargeable Disposable-Single Disposable-Triple Berry-5.0%-16mL,0.300000,1,Not Visible Individually,15.950000,no_selection,"6/3/24, 2:49 PM",0,Geek Bar Skyview 25000 Puffs Rechargeable Disposable,Geek Bar,,7.85,Triple Berry,Geek Bar,5.0%,25000,Disposables,16mL,1,geek bar skyview 25000 puffs rechargeable disposable | 16ml | 5.0% | triple berry,DGBSVS500214,0
DGBSVS500215,Disposables,Single Disposable,simple,Geek Bar Skyview 25000 Puffs Rechargeable Disposable-Single Disposable-Twisted B-Pop-5.0%-16mL,0.300000,1,Not Visible Individually,15.950000,/g/e/geek_bar_skyview_25000_puffs_rechargeable_disposable_-_twisted_b-pop_1_2.jpg,"6/3/24, 2:49 PM",0,Geek Bar Skyview 25000 Puffs Rechargeable Disposable,Geek Bar,,7.85,Twisted B-Pop,Geek Bar,5.0%,25000,Disposables,16mL,1,geek bar skyview 25000 puffs rechargeable disposable | 16ml | 5.0% | twisted b-pop,DGBSVS500215,0
DGBSVS500203,Disposables,Single Disposable,simple,Geek Bar Skyview 25000 Puffs Rechargeable Disposable-Single Disposable-Cherry Lemon Mint-5.0%-16mL,0.300000,1,Not Visible Individually,15.950000,/g/e/geek_bar_skyview_25000_puffs_rechargeable_disposable_-_cherry_lemon_mint_1_2.jpg,"6/5/24, 1:47 PM",0,Geek Bar Skyview 25000 Puffs Rechargeable Disposable,Geek Bar,,7.85,Cherry Lemon Mint,Geek Bar,5.0%,25000,Disposables,16mL,1,geek bar skyview 25000 puffs rechargeable disposable | 16ml | 5.0% | cherry lemon mint,DGBSVS500203,0
DGBXPS500201,Disposables,Single Disposable,simple,Geek Bar Pulse X Patriot Edition 25000 Puffs Disposable-Single Disposable-Blue Razz Ice-5.0%-18mL,0.300000,1,Not Visible Individually,14.500000,/g/e/geek_bar_pulse_x_patriot_edition_25000_puffs_disposable_-_blue_razz_ice_1.jpg,"6/27/24, 11:26 AM",0,Geek Bar Pulse X Patriot Edition 25000 Puffs Disposable,Geek Bar,,8.85,Blue Razz Ice,Geek Bar,5.0%,25000,Disposables,18mL,1,geek bar pulse x patriot edition 25000 puffs disposable | 18ml | 5.0% | blue razz ice,DGBXPS500201,0
DGBXPS500202,Disposables,Single Disposable,simple,Geek Bar Pulse X Patriot Edition 25000 Puffs Disposable-Single Disposable-Miami Mint-5.0%-18mL,0.300000,1,Not Visible Individually,14.500000,/g/e/geek_bar_pulse_x_patriot_edition_25000_puffs_disposable_-_miami_mint_1.jpg,"6/27/24, 11:26 AM",0,Geek Bar Pulse X Patriot Edition 25000 Puffs Disposable,Geek Bar,,8.85,Miami Mint,Geek Bar,5.0%,25000,Disposables,18mL,1,geek bar pulse x patriot edition 25000 puffs disposable | 18ml | 5.0% | miami mint,DGBXPS500202,0
DGBXPS500203,Disposables,Single Disposable,simple,Geek Bar Pulse X Patriot Edition 25000 Puffs Disposable-Single Disposable-Watermelon Ice-5.0%-18mL,0.300000,1,Not Visible Individually,14.500000,/g/e/geek_bar_pulse_x_patriot_edition_25000_puffs_disposable_-_watermelon_ice_1.jpg,"6/27/24, 11:26 AM",0,Geek Bar Pulse X Patriot Edition 25000 Puffs Disposable,Geek Bar,,8.85,Watermelon Ice,Geek Bar,5.0%,25000,Disposables,18mL,1,geek bar pulse x patriot edition 25000 puffs disposable | 18ml | 5.0% | watermelon ice,DGBXPS500203,0
DGBPXS500216,Disposables,Single Disposable,simple,Geek Bar Pulse X 25000 Puffs Disposable-White Peach Raspberry-Single Disposable-5.0%-18mL,0.300000,1,Not Visible Individually,14.500000,/g/e/geek_bar_pulse_x_all_5_2.jpg,"8/16/24, 6:12 PM",348,Geek Bar Pulse X 25000 Puffs Disposable,Geek Bar,,8.85,White Peach Raspberry,Geek Bar,5.0%,5000,Juice,18mL,1,geek bar pulse x 25000 puffs disposable | 18ml | 5.0% | white peach raspberry,DGBPXS500216,348
DGBPXS500217,Disposables,Single Disposable,simple,Geek Bar Pulse X 25000 Puffs Disposable-Strawberry Colada-Single Disposable-5.0%-18mL,0.300000,1,Not Visible Individually,14.500000,/g/e/geek_bar_pulse_x_all_4_2.jpg,"8/16/24, 6:12 PM",2915,Geek Bar Pulse X 25000 Puffs Disposable,Geek Bar,,8.85,Strawberry Colada,Geek Bar,5.0%,5000,Juice,18mL,1,geek bar pulse x 25000 puffs disposable | 18ml | 5.0% | strawberry colada,DGBPXS500217,2915
DGBPXS500218,Disposables,Single Disposable,simple,Geek Bar Pulse X 25000 Puffs Disposable-Sour Straws-Single Disposable-5.0%-18mL,0.300000,1,Not Visible Individually,14.500000,/g/e/geek_bar_pulse_x_all_3_2.jpg,"8/16/24, 6:12 PM",1863,Geek Bar Pulse X 25000 Puffs Disposable,Geek Bar,,8.85,Sour Straws,Geek Bar,5.0%,5000,Juice,18mL,1,geek bar pulse x 25000 puffs disposable | 18ml | 5.0% | sour straws,DGBPXS500218,1863
DGBPXS500219,Disposables,Single Disposable,simple,Geek Bar Pulse X 25000 Puffs Disposable-Cool Mint-Single Disposable-5.0%-18mL,0.300000,1,Not Visible Individually,14.500000,/g/e/geek_bar_pulse_x_all_2_2.jpg,"8/16/24, 6:12 PM",2073,Geek Bar Pulse X 25000 Puffs Disposable,Geek Bar,,8.85,Cool Mint,Geek Bar,5.0%,5000,Juice,18mL,1,geek bar pulse x 25000 puffs disposable | 18ml | 5.0% | cool mint,DGBPXS500219,2073
DGBPXS500220,Disposables,Single Disposable,simple,Geek Bar Pulse X 25000 Puffs Disposable-Blackberry Blueberry-Single Disposable-5.0%-18mL,0.300000,1,Not Visible Individually,14.500000,/g/e/geek_bar_pulse_x_all_1_2.jpg,"8/16/24, 6:12 PM",751,Geek Bar Pulse X 25000 Puffs Disposable,Geek Bar,,8.85,Blackberry Blueberry,Geek Bar,5.0%,5000,Juice,18mL,1,geek bar pulse x 25000 puffs disposable | 18ml | 5.0% | blackberry blueberry,DGBPXS500220,751
DGBPUS500151,Disposables,Single Disposable,simple,"Geek Bar Pulse 15,000 Puffs Disposable Sour Edition-Sour Blue Dust-Single Disposable-5.0%",0.300000,1,Not Visible Individually,13.000000,/g/e/geek_bar_pulse_15_000_puffs_disposable_sour_edition_-_sour_blue_dust_2.jpg,"10/15/24, 8:45 AM",600,"Geek Bar Pulse 15,000 Puffs Disposable Sour Edition",Geek Bar,,6.95,Sour Blue Dust,Geek Bar,5.0%,15000,Juice,16mL,1,"geek bar pulse 15,000 puffs disposable sour edition | 16ml | 5.0% | sour blue dust",DGBPUS500151,600
DGBPUS500152,Disposables,Single Disposable,simple,"Geek Bar Pulse 15,000 Puffs Disposable Halloween Edition-Single Disposable-Haunted BlueberryM-5.0%-16mL",0.300000,1,Not Visible Individually,14.990000,/g/e/geek_bar_pulse_15_000_puffs_disposable_halloween_edition_-_haunted_blueberrym_2_1.jpg,"10/16/24, 9:51 AM",0,"Geek Bar Pulse 15,000 Puffs Disposable Halloween Edition",Geek Bar,,6.95,Haunted BlueberryM,Geek Bar,5.0%,15000,Disposables,16mL,1,"geek bar pulse 15,000 puffs disposable halloween edition | 16ml | 5.0% | haunted blueberrym",DGBPUS500152,0
DGBPUS500154,Disposables,Single Disposable,simple,"Geek Bar Pulse 15,000 Puffs Disposable Halloween Edition-Single Disposable-Spooky Vanilla-5.0%-16mL",0.300000,1,Not Visible Individually,14.990000,/g/e/geek_bar_pulse_15_000_puffs_disposable_halloween_edition_-_spooky_vanilla_2_1.jpg,"10/16/24, 9:51 AM",0,"Geek Bar Pulse 15,000 Puffs Disposable Halloween Edition",Geek Bar,,6.95,Spooky Vanilla,Geek Bar,5.0%,15000,Disposables,16mL,1,"geek bar pulse 15,000 puffs disposable halloween edition | 16ml | 5.0% | spooky vanilla",DGBPUS500154,0
DGBPUS500153,Disposables,Single Disposable,simple,"Geek Bar Pulse 15,000 Puffs Disposable Sour Edition-Sour Watermelon Drop-Single Disposable-5.0%",0.300000,1,Not Visible Individually,13.000000,/g/e/geek_bar_pulse_15_000_puffs_disposable_sour_edition_-_sour_watermelon_drop_1.jpg,"10/16/24, 11:13 AM",0,"Geek Bar Pulse 15,000 Puffs Disposable Sour Edition",Geek Bar,,6.95,Sour Watermelon Drop,Geek Bar,5.0%,15000,Juice,16mL,1,"geek bar pulse 15,000 puffs disposable sour edition | 16ml | 5.0% | sour watermelon drop",DGBPUS500153,0
DGBPXS500224,Disposables,Single Disposable,simple,Geek Bar Pulse X 25000 Puffs Disposable-Strawberry Watermelon-Single Disposable-5.0%-18mL,0.300000,1,Not Visible Individually,14.500000,,"10/22/24, 8:58 AM",1423,Geek Bar Pulse X 25000 Puffs Disposable,Geek Bar,,8.85,Strawberry Watermelon,Geek Bar,5.0%,25000,Juice,18mL,1,geek bar pulse x 25000 puffs disposable | 18ml | 5.0% | strawberry watermelon,DGBPXS500224,1423
DGBPLS001502,Disposables,Single Disposable,simple,"Geek Bar Pulse ZERO Nicotine 15,000 Puffs Disposable-Fcuking Fab-0%-Single Disposable-16mL",0.300000,1,Not Visible Individually,11.750000,/g/e/geek-bar-pulse-zero-nicotine-15000-puffs-disposable-fcuking-fab_1.jpg,"10/24/24, 4:05 PM",0,"Geek Bar Pulse ZERO Nicotine 15,000 Puffs Disposable",Geek Bar,,6.95,Fcuking Fab,Geek Bar,0%,15000,Juice,16mL,1,"geek bar pulse zero nicotine 15,000 puffs disposable | 16ml | 0% | fcuking fab",DGBPLS001502,0
DGBPLS001503,Disposables,Single Disposable,simple,"Geek Bar Pulse ZERO Nicotine 15,000 Puffs Disposable-Miami Mint-0%-Single Disposable-16mL",0.300000,1,Not Visible Individually,11.750000,/g/e/geek-bar-pulse-zero-nicotine-15000-puffs-disposable-miami-mint_1.jpg,"10/24/24, 4:05 PM",780,"Geek Bar Pulse ZERO Nicotine 15,000 Puffs Disposable",Geek Bar,,6.95,Miami Mint,Geek Bar,0%,15000,Juice,16mL,1,"geek bar pulse zero nicotine 15,000 puffs disposable | 16ml | 0% | miami mint",DGBPLS001503,780
DGBMBS503001,Disposables,Single Disposable,simple,"Geek Bar Meloso 30,000 Puffs Disposable-Single Disposable-Blueberry Raspberry-5.0%-18mL",0.300000,1,Not Visible Individually,13.990000,/g/e/geek_bar_meloso_30_000_puffs_disposable_-_blueberry_raspberry_1.jpg,"10/24/24, 5:42 PM",0,"Geek Bar Meloso 30,000 Puffs Disposable",Geek Bar,,8.6,Blueberry Raspberry,Geek Bar,5.0%,30000,Disposables,18mL,1,"geek bar meloso 30,000 puffs disposable | 18ml | 5.0% | blueberry raspberry",DGBMBS503001,0
DGBMBS503002,Disposables,Single Disposable,simple,"Geek Bar Meloso 30,000 Puffs Disposable-Single Disposable-Green Apple Blueberry-5.0%-18mL",0.300000,1,Not Visible Individually,13.990000,/g/e/geek_bar_meloso_30_000_puffs_disposable_-_green_apple_blueberry_1.jpg,"10/24/24, 5:42 PM",259,"Geek Bar Meloso 30,000 Puffs Disposable",Geek Bar,,8.6,Green Apple Blueberry,Geek Bar,5.0%,30000,Disposables,18mL,1,"geek bar meloso 30,000 puffs disposable | 18ml | 5.0% | green apple blueberry",DGBMBS503002,259
DGBMBS503003,Disposables,Single Disposable,simple,"Geek Bar Meloso 30,000 Puffs Disposable-Single Disposable-Grumpy Lime-5.0%-18mL",0.300000,1,Not Visible Individually,13.990000,/g/e/geek_bar_meloso_30_000_puffs_disposable_-_grumpy_lime_1.jpg,"10/24/24, 5:42 PM",77,"Geek Bar Meloso 30,000 Puffs Disposable",Geek Bar,,8.6,Grumpy Lime,Geek Bar,5.0%,30000,Disposables,18mL,1,"geek bar meloso 30,000 puffs disposable | 18ml | 5.0% | grumpy lime",DGBMBS503003,77
DGBMBS503004,Disposables,Single Disposable,simple,"Geek Bar Meloso 30,000 Puffs Disposable-Single Disposable-Magic Mint-5.0%-18mL",0.300000,1,Not Visible Individually,13.990000,/g/e/geek_bar_meloso_30_000_puffs_disposable_-_magic_mint_1.jpg,"10/24/24, 5:42 PM",624,"Geek Bar Meloso 30,000 Puffs Disposable",Geek Bar,,8.6,Magic Mint,Geek Bar,5.0%,30000,Disposables,18mL,1,"geek bar meloso 30,000 puffs disposable | 18ml | 5.0% | magic mint",DGBMBS503004,624
DGBMBS503005,Disposables,Single Disposable,simple,"Geek Bar Meloso 30,000 Puffs Disposable-Single Disposable-Mexico Mango-5.0%-18mL",0.300000,1,Not Visible Individually,13.990000,/g/e/geek_bar_meloso_30_000_puffs_disposable_-_mexico_mango_1.jpg,"10/24/24, 5:42 PM",54,"Geek Bar Meloso 30,000 Puffs Disposable",Geek Bar,,8.6,Mexico Mango,Geek Bar,5.0%,30000,Disposables,18mL,1,"geek bar meloso 30,000 puffs disposable | 18ml | 5.0% | mexico mango",DGBMBS503005,54
DGBMBS503006,Disposables,Single Disposable,simple,"Geek Bar Meloso 30,000 Puffs Disposable-Single Disposable-Peachy Strawmelon-5.0%-18mL",0.300000,1,Not Visible Individually,13.990000,/g/e/geek_bar_meloso_30_000_puffs_disposable_-_peach_strawmelon_1.jpg,"10/24/24, 5:42 PM",261,"Geek Bar Meloso 30,000 Puffs Disposable",Geek Bar,,8.6,Peachy Strawmelon,Geek Bar,5.0%,30000,Disposables,18mL,1,"geek bar meloso 30,000 puffs disposable | 18ml | 5.0% | peachy strawmelon",DGBMBS503006,261
DGBMBS503007,Disposables,Single Disposable,simple,"Geek Bar Meloso 30,000 Puffs Disposable-Single Disposable-Root Beer-5.0%-18mL",0.300000,1,Not Visible Individually,13.990000,/g/e/geek_bar_meloso_30_000_puffs_disposable_-_root_beer_1.jpg,"10/24/24, 5:42 PM",0,"Geek Bar Meloso 30,000 Puffs Disposable",Geek Bar,,8.6,Root Beer,Geek Bar,5.0%,30000,Disposables,18mL,1,"geek bar meloso 30,000 puffs disposable | 18ml | 5.0% | root beer",DGBMBS503007,0
DGBMBS503008,Disposables,Single Disposable,simple,"Geek Bar Meloso 30,000 Puffs Disposable-Single Disposable-Stone Freeze-5.0%-18mL",0.300000,1,Not Visible Individually,13.990000,/g/e/geek_bar_meloso_30_000_puffs_disposable_-_stone_freeze_1.jpg,"10/24/24, 5:42 PM",324,"Geek Bar Meloso 30,000 Puffs Disposable",Geek Bar,,8.6,Stone Freeze,Geek Bar,5.0%,30000,Disposables,18mL,1,"geek bar meloso 30,000 puffs disposable | 18ml | 5.0% | stone freeze",DGBMBS503008,324
DGBMBS503009,Disposables,Single Disposable,simple,"Geek Bar Meloso 30,000 Puffs Disposable-Single Disposable-Strawnana Ice-5.0%-18mL",0.300000,1,Not Visible Individually,13.990000,/g/e/geek_bar_meloso_30_000_puffs_disposable_-_strawnana_ice_1.jpg,"10/24/24, 5:42 PM",435,"Geek Bar Meloso 30,000 Puffs Disposable",Geek Bar,,8.6,Strawnana Ice,Geek Bar,5.0%,30000,Disposables,18mL,1,"geek bar meloso 30,000 puffs disposable | 18ml | 5.0% | strawnana ice",DGBMBS503009,435
DGBMBS503010,Disposables,Single Disposable,simple,"Geek Bar Meloso 30,000 Puffs Disposable-Single Disposable-Summer Grape-5.0%-18mL",0.300000,1,Not Visible Individually,13.990000,/g/e/geek_bar_meloso_30_000_puffs_disposable_-_summer_grape_1.jpg,"10/24/24, 5:42 PM",0,"Geek Bar Meloso 30,000 Puffs Disposable",Geek Bar,,8.6,Summer Grape,Geek Bar,5.0%,30000,Disposables,18mL,1,"geek bar meloso 30,000 puffs disposable | 18ml | 5.0% | summer grape",DGBMBS503010,0
DGBMBS503012,Disposables,Single Disposable,simple,"Geek Bar Meloso 30,000 Puffs Disposable-Single Disposable-Watermelon Ice-5.0%-18mL",0.300000,1,Not Visible Individually,13.990000,/g/e/geek_bar_meloso_30_000_puffs_disposable_-_watermelon_ice_1.jpg,"10/24/24, 5:42 PM",408,"Geek Bar Meloso 30,000 Puffs Disposable",Geek Bar,,8.6,Watermelon Ice,Geek Bar,5.0%,30000,Disposables,18mL,1,"geek bar meloso 30,000 puffs disposable | 18ml | 5.0% | watermelon ice",DGBMBS503012,408
DGBPXS500225,Disposables,Single Disposable,simple,Geek Bar Pulse X 25000 Puffs Disposable-Pink & Blue-Single Disposable-5.0%-18mL,0.300000,1,Not Visible Individually,14.500000,,"10/25/24, 10:01 AM",1248,Geek Bar Pulse X 25000 Puffs Disposable,Geek Bar,,6.95,Pink & Blue,Geek Bar,5.0%,25000,Juice,18mL,1,geek bar pulse x 25000 puffs disposable | 18ml | 5.0% | pink & blue,DGBPXS500225,1248
DGBMBS503011,Disposables,Single Disposable,simple,"Geek Bar Meloso 30,000 Puffs Disposable-Single Disposable-Super Fcuking Fab-5.0%-18mL",0.300000,1,Not Visible Individually,13.990000,/g/e/geek_bar_meloso_30_000_puffs_disposable_-_super_fcuking_fab_1.jpg,"10/30/24, 8:44 AM",29,"Geek Bar Meloso 30,000 Puffs Disposable",Geek Bar,,8.6,Super Fcuking Fab,Geek Bar,5.0%,30000,Disposables,18mL,1,"geek bar meloso 30,000 puffs disposable | 18ml | 5.0% | super fcuking fab",DGBMBS503011,29
DGBMNS500101,Disposables,Single Disposable,simple,Geek Bar Meloso Mini 1500 Puffs Disposable-Alaskan Mint-5%-Single Disposable-5mL,0.300000,1,Not Visible Individually,5.250000,/g/e/geek-bar-meloso-mini-1500-puffs-disposable-alaskan-mint.jpg,"11/15/24, 12:56 PM",29,Geek Bar Meloso Mini 1500 Puffs Disposable,Geek Bar,,3.6,Alaskan Mint,Geek Bar,5%,0,Juice,5mL,1,geek bar meloso mini 1500 puffs disposable | 5ml | 5% | alaskan mint,DGBMNS500101,29
DGBMNS500102,Disposables,Single Disposable,simple,Geek Bar Meloso Mini 1500 Puffs Disposable-Blueberry Ice-5%-Single Disposable-5mL,0.300000,1,Not Visible Individually,5.250000,/g/e/geek-bar-meloso-mini-1500-puffs-disposable-blueberry-ice.jpg,"11/15/24, 12:56 PM",338,Geek Bar Meloso Mini 1500 Puffs Disposable,Geek Bar,,3.6,Blueberry Ice,Geek Bar,5%,0,Juice,5mL,1,geek bar meloso mini 1500 puffs disposable | 5ml | 5% | blueberry ice,DGBMNS500102,338
DGBMNS500103,Disposables,Single Disposable,simple,Geek Bar Meloso Mini 1500 Puffs Disposable-Grape Jelly-5%-Single Disposable-5mL,0.300000,1,Not Visible Individually,5.250000,/g/e/geek-bar-meloso-mini-1500-puffs-disposable-grape-jelly.jpg,"11/15/24, 12:56 PM",0,Geek Bar Meloso Mini 1500 Puffs Disposable,Geek Bar,,3.6,Grape Jelly,Geek Bar,5%,0,Juice,5mL,1,geek bar meloso mini 1500 puffs disposable | 5ml | 5% | grape jelly,DGBMNS500103,0
DGBMNS500104,Disposables,Single Disposable,simple,Geek Bar Meloso Mini 1500 Puffs Disposable-Gummy Bear-5%-Single Disposable-5mL,0.300000,1,Not Visible Individually,5.250000,/g/e/geek-bar-meloso-mini-1500-puffs-disposable-gummy-bear.jpg,"11/15/24, 12:56 PM",95,Geek Bar Meloso Mini 1500 Puffs Disposable,Geek Bar,,3.6,Gummy Bear,Geek Bar,5%,0,Juice,5mL,1,geek bar meloso mini 1500 puffs disposable | 5ml | 5% | gummy bear,DGBMNS500104,95
DGBMNS500105,Disposables,Single Disposable,simple,Geek Bar Meloso Mini 1500 Puffs Disposable-Mexico Mango-5%-Single Disposable-5mL,0.300000,1,Not Visible Individually,5.250000,/g/e/geek-bar-meloso-mini-1500-puffs-disposable-mexico-mango.jpg,"11/15/24, 12:56 PM",310,Geek Bar Meloso Mini 1500 Puffs Disposable,Geek Bar,,3.6,Mexico Mango,Geek Bar,5%,0,Juice,5mL,1,geek bar meloso mini 1500 puffs disposable | 5ml | 5% | mexico mango,DGBMNS500105,310
DGBMNS500106,Disposables,Single Disposable,simple,Geek Bar Meloso Mini 1500 Puffs Disposable-Peach Berry-5%-Single Disposable-5mL,0.300000,1,Not Visible Individually,5.250000,/g/e/geek-bar-meloso-mini-1500-puffs-disposable-peach-berry.jpg,"11/15/24, 12:56 PM",305,Geek Bar Meloso Mini 1500 Puffs Disposable,Geek Bar,,3.6,Peach Berry,Geek Bar,5%,0,Juice,5mL,1,geek bar meloso mini 1500 puffs disposable | 5ml | 5% | peach berry,DGBMNS500106,305
DGBMNS500109,Disposables,Single Disposable,simple,Geek Bar Meloso Mini 1500 Puffs Disposable-Strawberry Banana-5%-Single Disposable-5mL,0.300000,1,Not Visible Individually,5.250000,/g/e/geek-bar-meloso-mini-1500-puffs-disposable-strawberry-banana.jpg,"11/15/24, 12:56 PM",42,Geek Bar Meloso Mini 1500 Puffs Disposable,Geek Bar,,3.6,Strawberry Banana,Geek Bar,5%,0,Juice,5mL,1,geek bar meloso mini 1500 puffs disposable | 5ml | 5% | strawberry banana,DGBMNS500109,42
DGBMNS500110,Disposables,Single Disposable,simple,Geek Bar Meloso Mini 1500 Puffs Disposable-Strawberry Mango-5%-Single Disposable-5mL,0.300000,1,Not Visible Individually,5.250000,/g/e/geek-bar-meloso-mini-1500-puffs-disposable-strawberry-mango.jpg,"11/15/24, 12:56 PM",0,Geek Bar Meloso Mini 1500 Puffs Disposable,Geek Bar,,3.6,Strawberry Mango,Geek Bar,5%,0,Juice,5mL,1,geek bar meloso mini 1500 puffs disposable | 5ml | 5% | strawberry mango,DGBMNS500110,0
DGBPUS500156,Disposables,Single Disposable,simple,Geek Bar Pulse X 25000 Puffs Disposable-Creamymintz-Single Disposable-5.0%-18mL,0.300000,1,Not Visible Individually,14.500000,,"12/5/24, 9:59 AM",2434,Geek Bar Pulse X 25000 Puffs Disposable,Geek Bar,,6.95,Creamymintz,Geek Bar,5.0%,25000,Juice,18mL,1,geek bar pulse x 25000 puffs disposable | 18ml | 5.0% | creamymintz,DGBPUS500156,2434
DGBPUS500155,Disposables,Single Disposable,simple,Geek Bar Pulse X 25000 Puffs Disposable-Peppermintz-Single Disposable-5.0%-18mL,0.300000,1,Not Visible Individually,14.500000,,"12/5/24, 9:59 AM",3321,Geek Bar Pulse X 25000 Puffs Disposable,Geek Bar,,6.95,Peppermintz,Geek Bar,5.0%,25000,Juice,18mL,1,geek bar pulse x 25000 puffs disposable | 18ml | 5.0% | peppermintz,DGBPUS500155,3321
DGBPXS002501,Disposables,Single Disposable,simple,Geek Bar Pulse X  ZERO 25000 Puffs Disposable-Blue Rancher-Single Disposable-0%-18mL,0.300000,1,Not Visible Individually,14.500000,,"12/20/24, 1:35 PM",186,Geek Bar Pulse X 25000 Puffs Disposable,Geek Bar,,8.85,Blue Rancher,Geek Bar,0%,25000,Juice,18mL,1,geek bar pulse x 25000 puffs disposable | 18ml | 0% | blue rancher,DGBPXS002501,186
DGBPXS002502,Disposables,Single Disposable,simple,Geek Bar Pulse X ZERO 25000 Puffs Disposable-Miami Mint-Single Disposable-0%-18mL,0.300000,1,Not Visible Individually,14.500000,,"12/20/24, 1:35 PM",0,Geek Bar Pulse X 25000 Puffs Disposable,Geek Bar,,8.85,Miami Mint,Geek Bar,0%,25000,Juice,18mL,1,geek bar pulse x 25000 puffs disposable | 18ml | 0% | miami mint,DGBPXS002502,0
DGBPXS002503,Disposables,Single Disposable,simple,Geek Bar Pulse X ZERO 25000 Puffs Disposable-Sour Apple Ice-Single Disposable-0%-18mL,0.300000,1,Not Visible Individually,14.500000,,"12/20/24, 1:35 PM",305,Geek Bar Pulse X 25000 Puffs Disposable,Geek Bar,,8.85,Sour Apple Ice,Geek Bar,0%,25000,Juice,18mL,1,geek bar pulse x 25000 puffs disposable | 18ml | 0% | sour apple ice,DGBPXS002503,305
DGBPXS002504,Disposables,Single Disposable,simple,Geek Bar Pulse X ZERO 25000 Puffs Disposable-Sour Fcuking Fab-Single Disposable-0%-18mL,0.300000,1,Not Visible Individually,14.500000,,"12/20/24, 1:35 PM",0,Geek Bar Pulse X 25000 Puffs Disposable,Geek Bar,,8.85,Sour Fcuking Fab,Geek Bar,0%,25000,Juice,18mL,1,geek bar pulse x 25000 puffs disposable | 18ml | 0% | sour fcuking fab,DGBPXS002504,0
DGBPXS002505,Disposables,Single Disposable,simple,Geek Bar Pulse X ZERO 25000 Puffs Disposable-Strawberry B-Pop-Single Disposable-0%-18mL,0.300000,1,Not Visible Individually,14.500000,,"12/20/24, 1:35 PM",0,Geek Bar Pulse X 25000 Puffs Disposable,Geek Bar,,8.85,Strawberry B-Pop,Geek Bar,0%,25000,Juice,18mL,1,geek bar pulse x 25000 puffs disposable | 18ml | 0% | strawberry b-pop,DGBPXS002505,0
DGEBNS500501,Disposables,Single Disposable,simple,Geek Bar N5K 5000 Puffs Disposable-Single Disposable-Apple Kiwi-5.0%-12mL,0.300000,1,Not Visible Individually,4.000000,/g/e/geek_bar_n5k_5000_puffs_disposable_2_1.jpg,"2/4/25, 12:16 PM",83,Geek Bar N5K 5000 Puffs Disposable,Geek Bar,,2.7,Apple Kiwi,Geek Bar,5.0%,5000,Disposables,12mL,1,geek bar n5k 5000 puffs disposable | 12ml | 5.0% | apple kiwi,DGEBNS500501,83
DGEBNS500502,Disposables,Single Disposable,simple,Geek Bar N5K 5000 Puffs Disposable-Single Disposable-Berry Trio-5.0%-12mL,0.300000,1,Not Visible Individually,4.000000,/g/e/geek_bar_n5k_5000_puffs_disposable_2_2.jpg,"2/4/25, 12:16 PM",37,Geek Bar N5K 5000 Puffs Disposable,Geek Bar,,2.7,Berry Trio,Geek Bar,5.0%,5000,Disposables,12mL,1,geek bar n5k 5000 puffs disposable | 12ml | 5.0% | berry trio,DGEBNS500502,37
DGEBNS500503,Disposables,Single Disposable,simple,Geek Bar N5K 5000 Puffs Disposable-Single Disposable-Blueberry Milkshake-5.0%-12mL,0.300000,1,Not Visible Individually,4.000000,/g/e/geek_bar_n5k_5000_puffs_disposable_2_3.jpg,"2/4/25, 12:17 PM",0,Geek Bar N5K 5000 Puffs Disposable,Geek Bar,,2.7,Blueberry Milkshake,Geek Bar,5.0%,5000,Disposables,12mL,1,geek bar n5k 5000 puffs disposable | 12ml | 5.0% | blueberry milkshake,DGEBNS500503,0
DGEBNS500504,Disposables,Single Disposable,simple,Geek Bar N5K 5000 Puffs Disposable-Single Disposable-Bluerazz Lime-5.0%-12mL,0.300000,1,Not Visible Individually,4.000000,/g/e/geek_bar_n5k_5000_puffs_disposable_2_4.jpg,"2/4/25, 12:17 PM",66,Geek Bar N5K 5000 Puffs Disposable,Geek Bar,,2.7,Bluerazz Lime,Geek Bar,5.0%,5000,Disposables,12mL,1,geek bar n5k 5000 puffs disposable | 12ml | 5.0% | bluerazz lime,DGEBNS500504,66
DGEBNS500505,Disposables,Single Disposable,simple,Geek Bar N5K 5000 Puffs Disposable-Single Disposable-Lime Cactus-5.0%-12mL,0.300000,1,Not Visible Individually,4.000000,/g/e/geek_bar_n5k_5000_puffs_disposable_2_5.jpg,"2/4/25, 12:17 PM",120,Geek Bar N5K 5000 Puffs Disposable,Geek Bar,,2.7,Lime Cactus,Geek Bar,5.0%,5000,Disposables,12mL,1,geek bar n5k 5000 puffs disposable | 12ml | 5.0% | lime cactus,DGEBNS500505,120
DGEBNS500506,Disposables,Single Disposable,simple,Geek Bar N5K 5000 Puffs Disposable-Single Disposable-Passion Fruit-5.0%-12mL,0.300000,1,Not Visible Individually,4.000000,/g/e/geek_bar_n5k_5000_puffs_disposable_2_6.jpg,"2/4/25, 12:17 PM",45,Geek Bar N5K 5000 Puffs Disposable,Geek Bar,,2.7,Passion Fruit,Geek Bar,5.0%,5000,Disposables,12mL,1,geek bar n5k 5000 puffs disposable | 12ml | 5.0% | passion fruit,DGEBNS500506,45
DGEBNS500507,Disposables,Single Disposable,simple,Geek Bar N5K 5000 Puffs Disposable-Single Disposable-Peach Mango-5.0%-12mL,0.300000,1,Not Visible Individually,4.000000,/g/e/geek_bar_n5k_5000_puffs_disposable_2_7.jpg,"2/4/25, 12:17 PM",44,Geek Bar N5K 5000 Puffs Disposable,Geek Bar,,2.7,Peach Mango,Geek Bar,5.0%,5000,Disposables,12mL,1,geek bar n5k 5000 puffs disposable | 12ml | 5.0% | peach mango,DGEBNS500507,44
DGEBNS500508,Disposables,Single Disposable,simple,Geek Bar N5K 5000 Puffs Disposable-Single Disposable-Polar Mint Ice-5.0%-12mL,0.300000,1,Not Visible Individually,4.000000,/g/e/geek_bar_n5k_5000_puffs_disposable_2_8.jpg,"2/4/25, 12:17 PM",62,Geek Bar N5K 5000 Puffs Disposable,Geek Bar,,2.7,Polar Mint Ice,Geek Bar,5.0%,5000,Disposables,12mL,1,geek bar n5k 5000 puffs disposable | 12ml | 5.0% | polar mint ice,DGEBNS500508,62
DGEBNS500509,Disposables,Single Disposable,simple,Geek Bar N5K 5000 Puffs Disposable-Single Disposable-Strawberry Donuts-5.0%-12mL,0.300000,1,Not Visible Individually,4.000000,/g/e/geek_bar_n5k_5000_puffs_disposable_2_9.jpg,"2/4/25, 12:17 PM",0,Geek Bar N5K 5000 Puffs Disposable,Geek Bar,,2.7,Strawberry Donuts,Geek Bar,5.0%,5000,Disposables,12mL,1,geek bar n5k 5000 puffs disposable | 12ml | 5.0% | strawberry donuts,DGEBNS500509,0
DGEBNS500510,Disposables,Single Disposable,simple,Geek Bar N5K 5000 Puffs Disposable-Single Disposable-Strawberry Kiwi-5.0%-12mL,0.300000,1,Not Visible Individually,4.000000,/g/e/geek_bar_n5k_5000_puffs_disposable_2_10.jpg,"2/4/25, 12:17 PM",70,Geek Bar N5K 5000 Puffs Disposable,Geek Bar,,2.7,Strawberry Kiwi,Geek Bar,5.0%,5000,Disposables,12mL,1,geek bar n5k 5000 puffs disposable | 12ml | 5.0% | strawberry kiwi,DGEBNS500510,70
DGEBNS500511,Disposables,Single Disposable,simple,Geek Bar N5K 5000 Puffs Disposable-Single Disposable-Tropical Fruit-5.0%-12mL,0.300000,1,Not Visible Individually,4.000000,/g/e/geek_bar_n5k_5000_puffs_disposable_2_11.jpg,"2/4/25, 12:17 PM",45,Geek Bar N5K 5000 Puffs Disposable,Geek Bar,,2.7,Tropical Fruit,Geek Bar,5.0%,5000,Disposables,12mL,1,geek bar n5k 5000 puffs disposable | 12ml | 5.0% | tropical fruit,DGEBNS500511,45
DGEBNS500512,Disposables,Single Disposable,simple,Geek Bar N5K 5000 Puffs Disposable-Single Disposable-Watermelon Ice-5.0%-12mL,0.300000,1,Not Visible Individually,4.000000,/g/e/geek_bar_n5k_5000_puffs_disposable_2_12.jpg,"2/4/25, 12:17 PM",18,Geek Bar N5K 5000 Puffs Disposable,Geek Bar,,2.7,Watermelon Ice,Geek Bar,5.0%,5000,Disposables,12mL,1,geek bar n5k 5000 puffs disposable | 12ml | 5.0% | watermelon ice,DGEBNS500512,18
