default_code,name,categ_id,list_price,standard_price,type,x_puff_count,x_flavor,x_volume,x_nicotine_level,x_pack_size
DLOMYP500501,Lost Mary OS5000 Rechargeable Disposable by Elf Bar 10-Pack-Blue Razz Ice,Disposables,99.95,81.0,goods,0,Blue Razz Ice,,50mg,10
DLOMYP500501,Lost Mary OS5000 Rechargeable Disposable by Elf Bar 10-Pack-Blue Razz Ice,Disposables,99.95,81.0,goods,0,Blue Razz Ice,,50mg,10
DLOMYP500501,Lost Mary OS5000 Rechargeable Disposable by Elf Bar 10-Pack-Blue Razz Ice,Disposables,99.95,81.0,goods,0,Blue Razz Ice,,50mg,10
DLOMYP500502,Lost Mary OS5000 Rechargeable Disposable by Elf Bar 10-Pack-Blueberry Ice,Disposables,99.95,81.0,goods,0,Blueberry Ice,,50mg,10
DLOMYP500502,Lost Mary OS5000 Rechargeable Disposable by Elf Bar 10-Pack-Blueberry Ice,Disposables,99.95,81.0,goods,0,Blueberry Ice,,50mg,10
DLOMYP500502,Lost Mary OS5000 Rechargeable Disposable by Elf Bar 10-Pack-Blueberry Ice,Disposables,99.95,81.0,goods,0,Blueberry Ice,,50mg,10
DLOMYP500503,Lost Mary OS5000 Rechargeable Disposable by Elf Bar 10-Pack-Cranberry Soda,Disposables,99.95,81.0,goods,0,Cranberry Soda,,50mg,10
DLOMYP500503,Lost Mary OS5000 Rechargeable Disposable by Elf Bar 10-Pack-Cranberry Soda,Disposables,99.95,81.0,goods,0,Cranberry Soda,,50mg,10
DLOMYP500503,Lost Mary OS5000 Rechargeable Disposable by Elf Bar 10-Pack-Cranberry Soda,Disposables,99.95,81.0,goods,0,Cranberry Soda,,50mg,10
DLOMYP500504,Lost Mary OS5000 Rechargeable Disposable by Elf Bar 10-Pack-Juicy Peach,Disposables,99.95,81.0,goods,0,Juicy Peach,,50mg,10
DLOMYP500504,Lost Mary OS5000 Rechargeable Disposable by Elf Bar 10-Pack-Juicy Peach,Disposables,99.95,81.0,goods,0,Juicy Peach,,50mg,10
DLOMYP500504,Lost Mary OS5000 Rechargeable Disposable by Elf Bar 10-Pack-Juicy Peach,Disposables,99.95,81.0,goods,0,Juicy Peach,,50mg,10
DLOMYP500505,Lost Mary OS5000 Rechargeable Disposable by Elf Bar 10-Pack-Kiwi Passionfruit Guava,Disposables,99.95,81.0,goods,0,Kiwi Passionfruit Guava,0.5mL,50mg,10
DLOMYP500505,Lost Mary OS5000 Rechargeable Disposable by Elf Bar 10-Pack-Kiwi Passionfruit Guava,Disposables,99.95,81.0,goods,0,Kiwi Passionfruit Guava,0.5mL,50mg,10
DLOMYP500505,Lost Mary OS5000 Rechargeable Disposable by Elf Bar 10-Pack-Kiwi Passionfruit Guava,Disposables,99.95,81.0,goods,0,Kiwi Passionfruit Guava,0.5mL,50mg,10
DLOMYP500506,Lost Mary OS5000 Rechargeable Disposable by Elf Bar 10-Pack-Pineapple Mango,Disposables,99.95,81.0,goods,0,Pineapple Mango,,50mg,10
DLOMYP500506,Lost Mary OS5000 Rechargeable Disposable by Elf Bar 10-Pack-Pineapple Mango,Disposables,99.95,81.0,goods,0,Pineapple Mango,,50mg,10
DLOMYP500506,Lost Mary OS5000 Rechargeable Disposable by Elf Bar 10-Pack-Pineapple Mango,Disposables,99.95,81.0,goods,0,Pineapple Mango,,50mg,10
DLOMYP500507,Lost Mary OS5000 Rechargeable Disposable by Elf Bar 10-Pack-Strawberry Ice,Disposables,99.95,81.0,goods,0,Strawberry Ice,,50mg,10
DLOMYP500507,Lost Mary OS5000 Rechargeable Disposable by Elf Bar 10-Pack-Strawberry Ice,Disposables,99.95,81.0,goods,0,Strawberry Ice,,50mg,10
DLOMYP500507,Lost Mary OS5000 Rechargeable Disposable by Elf Bar 10-Pack-Strawberry Ice,Disposables,99.95,81.0,goods,0,Strawberry Ice,,50mg,10
DLOMYP500508,Lost Mary OS5000 Rechargeable Disposable by Elf Bar 10-Pack-Strawberry Mango,Disposables,99.95,81.0,goods,0,Strawberry Mango,,50mg,10
DLOMYP500508,Lost Mary OS5000 Rechargeable Disposable by Elf Bar 10-Pack-Strawberry Mango,Disposables,99.95,81.0,goods,0,Strawberry Mango,,50mg,10
DLOMYP500508,Lost Mary OS5000 Rechargeable Disposable by Elf Bar 10-Pack-Strawberry Mango,Disposables,99.95,81.0,goods,0,Strawberry Mango,,50mg,10
DLOMYP500509,Lost Mary OS5000 Rechargeable Disposable by Elf Bar 10-Pack-Strawberry Pina Colada,Disposables,99.95,81.0,goods,0,Strawberry Pina Colada,,50mg,10
DLOMYP500509,Lost Mary OS5000 Rechargeable Disposable by Elf Bar 10-Pack-Strawberry Pina Colada,Disposables,99.95,81.0,goods,0,Strawberry Pina Colada,,50mg,10
DLOMYP500509,Lost Mary OS5000 Rechargeable Disposable by Elf Bar 10-Pack-Strawberry Pina Colada,Disposables,99.95,81.0,goods,0,Strawberry Pina Colada,,50mg,10
DLOMYP500510,Lost Mary OS5000 Rechargeable Disposable by Elf Bar 10-Pack-Strawberry Sundae,Disposables,99.95,81.0,goods,0,Strawberry Sundae,,50mg,10
DLOMYP500510,Lost Mary OS5000 Rechargeable Disposable by Elf Bar 10-Pack-Strawberry Sundae,Disposables,99.95,81.0,goods,0,Strawberry Sundae,,50mg,10
DLOMYP500510,Lost Mary OS5000 Rechargeable Disposable by Elf Bar 10-Pack-Strawberry Sundae,Disposables,99.95,81.0,goods,0,Strawberry Sundae,,50mg,10
DLOMYP500511,Lost Mary OS5000 Rechargeable Disposable by Elf Bar 10-Pack-Watermelon,Disposables,99.95,81.0,goods,0,Watermelon,,50mg,10
DLOMYP500511,Lost Mary OS5000 Rechargeable Disposable by Elf Bar 10-Pack-Watermelon,Disposables,99.95,81.0,goods,0,Watermelon,,50mg,10
DLOMYP500511,Lost Mary OS5000 Rechargeable Disposable by Elf Bar 10-Pack-Watermelon,Disposables,99.95,81.0,goods,0,Watermelon,,50mg,10
DLOMYP500512,Lost Mary OS5000 Rechargeable Disposable by Elf Bar 10-Pack-Blue Cotton Candy,Disposables,99.95,81.0,goods,0,Blue Cotton Candy,,50mg,10
DLOMYP500512,Lost Mary OS5000 Rechargeable Disposable by Elf Bar 10-Pack-Blue Cotton Candy,Disposables,99.95,81.0,goods,0,Blue Cotton Candy,,50mg,10
DLOMYP500512,Lost Mary OS5000 Rechargeable Disposable by Elf Bar 10-Pack-Blue Cotton Candy,Disposables,99.95,81.0,goods,0,Blue Cotton Candy,,50mg,10
DLOMYP500513,Lost Mary OS5000 Rechargeable Disposable by Elf Bar 10-Pack-Grape,Disposables,99.95,81.0,goods,0,Grape,,50mg,10
DLOMYP500513,Lost Mary OS5000 Rechargeable Disposable by Elf Bar 10-Pack-Grape,Disposables,99.95,81.0,goods,0,Grape,,50mg,10
DLOMYP500513,Lost Mary OS5000 Rechargeable Disposable by Elf Bar 10-Pack-Grape,Disposables,99.95,81.0,goods,0,Grape,,50mg,10
DLOMYP500514,Lost Mary OS5000 Rechargeable Disposable by Elf Bar 10 Pack-Mary Dream,Disposables,99.95,81.0,goods,0,Mary Dream,,50mg,10
DLOMYP500514,Lost Mary OS5000 Rechargeable Disposable by Elf Bar 10 Pack-Mary Dream,Disposables,99.95,81.0,goods,0,Mary Dream,,50mg,10
DLOMYP500514,Lost Mary OS5000 Rechargeable Disposable by Elf Bar 10 Pack-Mary Dream,Disposables,99.95,81.0,goods,0,Mary Dream,,50mg,10
DLOMYP500515,Lost Mary OS5000 Rechargeable Disposable by Elf Bar 10 Pack-Black Mint,Disposables,99.95,81.0,goods,0,Black Mint,,50mg,10
DLOMYP500515,Lost Mary OS5000 Rechargeable Disposable by Elf Bar 10 Pack-Black Mint,Disposables,99.95,81.0,goods,0,Black Mint,,50mg,10
DLOMYP500515,Lost Mary OS5000 Rechargeable Disposable by Elf Bar 10 Pack-Black Mint,Disposables,99.95,81.0,goods,0,Black Mint,,50mg,10
DLOMYP500516,Lost Mary OS5000 Rechargeable Disposable by Elf Bar 10 Pack-Spearmint,Disposables,99.95,81.0,goods,0,Spearmint,,50mg,10
DLOMYP500516,Lost Mary OS5000 Rechargeable Disposable by Elf Bar 10 Pack-Spearmint,Disposables,99.95,81.0,goods,0,Spearmint,,50mg,10
DLOMYP500516,Lost Mary OS5000 Rechargeable Disposable by Elf Bar 10 Pack-Spearmint,Disposables,99.95,81.0,goods,0,Spearmint,,50mg,10
DLOMYP500517,Lost Mary OS5000 Rechargeable Disposable by Elf Bar 10 Pack-Watermelon Lemon,Disposables,99.95,81.0,goods,0,Watermelon Lemon,,50mg,10
DLOMYP500517,Lost Mary OS5000 Rechargeable Disposable by Elf Bar 10 Pack-Watermelon Lemon,Disposables,99.95,81.0,goods,0,Watermelon Lemon,,50mg,10
DLOMYP500517,Lost Mary OS5000 Rechargeable Disposable by Elf Bar 10 Pack-Watermelon Lemon,Disposables,99.95,81.0,goods,0,Watermelon Lemon,,50mg,10
DLOMYP500518,Lost Mary OS5000 Rechargeable Disposable by Elf Bar 10 Pack-Peach Mango Watermelon,Disposables,99.95,81.0,goods,0,Peach Mango Watermelon,,50mg,10
DLOMYP500518,Lost Mary OS5000 Rechargeable Disposable by Elf Bar 10 Pack-Peach Mango Watermelon,Disposables,99.95,81.0,goods,0,Peach Mango Watermelon,,50mg,10
DLOMYP500518,Lost Mary OS5000 Rechargeable Disposable by Elf Bar 10 Pack-Peach Mango Watermelon,Disposables,99.95,81.0,goods,0,Peach Mango Watermelon,,50mg,10
DLOMYP500519,Lost Mary OS5000 Rechargeable Disposable by Elf Bar 10 Pack-Mad Blue,Disposables,99.95,81.0,goods,0,Mad Blue,,50mg,10
DLOMYP500519,Lost Mary OS5000 Rechargeable Disposable by Elf Bar 10 Pack-Mad Blue,Disposables,99.95,81.0,goods,0,Mad Blue,,50mg,10
DLOMYP500519,Lost Mary OS5000 Rechargeable Disposable by Elf Bar 10 Pack-Mad Blue,Disposables,99.95,81.0,goods,0,Mad Blue,,50mg,10
DLOMYP500520,Lost Mary OS5000 Rechargeable Disposable by Elf Bar 10 Pack-Cherry Peach Lemonade,Disposables,99.95,81.0,goods,0,Cherry Peach Lemonade,,50mg,10
DLOMYP500520,Lost Mary OS5000 Rechargeable Disposable by Elf Bar 10 Pack-Cherry Peach Lemonade,Disposables,99.95,81.0,goods,0,Cherry Peach Lemonade,,50mg,10
DLOMYP500520,Lost Mary OS5000 Rechargeable Disposable by Elf Bar 10 Pack-Cherry Peach Lemonade,Disposables,99.95,81.0,goods,0,Cherry Peach Lemonade,,50mg,10
DLOMYP500521,Lost Mary OS5000 Rechargeable Disposable by Elf Bar 10 Pack-Cherry Cola,Disposables,99.95,81.0,goods,0,Cherry Cola,,50mg,10
DLOMYP500521,Lost Mary OS5000 Rechargeable Disposable by Elf Bar 10 Pack-Cherry Cola,Disposables,99.95,81.0,goods,0,Cherry Cola,,50mg,10
DLOMYP500521,Lost Mary OS5000 Rechargeable Disposable by Elf Bar 10 Pack-Cherry Cola,Disposables,99.95,81.0,goods,0,Cherry Cola,,50mg,10
DLOMYP500522,Lost Mary OS5000 Rechargeable Disposable by Elf Bar 10 Pack-Acai Berry Storm Ice (Luster Edition),Disposables,99.95,81.0,goods,0,Acai Berry Storm Ice (Luster Edition),,50mg,10
DLOMYP500522,Lost Mary OS5000 Rechargeable Disposable by Elf Bar 10 Pack-Acai Berry Storm Ice (Luster Edition),Disposables,99.95,81.0,goods,0,Acai Berry Storm Ice (Luster Edition),,50mg,10
DLOMYP500522,Lost Mary OS5000 Rechargeable Disposable by Elf Bar 10 Pack-Acai Berry Storm Ice (Luster Edition),Disposables,99.95,81.0,goods,0,Acai Berry Storm Ice (Luster Edition),,50mg,10
DLOMYP500523,Lost Mary OS5000 Rechargeable Disposable by Elf Bar 10 Pack-Berry Crush Ice (Luster Edition),Disposables,99.95,81.0,goods,0,Berry Crush Ice (Luster Edition),,50mg,10
DLOMYP500523,Lost Mary OS5000 Rechargeable Disposable by Elf Bar 10 Pack-Berry Crush Ice (Luster Edition),Disposables,99.95,81.0,goods,0,Berry Crush Ice (Luster Edition),,50mg,10
DLOMYP500523,Lost Mary OS5000 Rechargeable Disposable by Elf Bar 10 Pack-Berry Crush Ice (Luster Edition),Disposables,99.95,81.0,goods,0,Berry Crush Ice (Luster Edition),,50mg,10
DLOMYP500524,Lost Mary OS5000 Rechargeable Disposable by Elf Bar 10 Pack-Black Strawnana (Luster Edition),Disposables,99.95,81.0,goods,0,Black Strawnana (Luster Edition),,50mg,10
DLOMYP500524,Lost Mary OS5000 Rechargeable Disposable by Elf Bar 10 Pack-Black Strawnana (Luster Edition),Disposables,99.95,81.0,goods,0,Black Strawnana (Luster Edition),,50mg,10
DLOMYP500524,Lost Mary OS5000 Rechargeable Disposable by Elf Bar 10 Pack-Black Strawnana (Luster Edition),Disposables,99.95,81.0,goods,0,Black Strawnana (Luster Edition),,50mg,10
DLOMYP500525,Lost Mary OS5000 Rechargeable Disposable by Elf Bar 10 Pack-Lemon Lime Sparkling (Luster Edition),Disposables,99.95,81.0,goods,0,Lemon Lime Sparkling (Luster Edition),,50mg,10
DLOMYP500525,Lost Mary OS5000 Rechargeable Disposable by Elf Bar 10 Pack-Lemon Lime Sparkling (Luster Edition),Disposables,99.95,81.0,goods,0,Lemon Lime Sparkling (Luster Edition),,50mg,10
DLOMYP500525,Lost Mary OS5000 Rechargeable Disposable by Elf Bar 10 Pack-Lemon Lime Sparkling (Luster Edition),Disposables,99.95,81.0,goods,0,Lemon Lime Sparkling (Luster Edition),,50mg,10
DLOMYP500526,Lost Mary OS5000 Rechargeable Disposable by Elf Bar 10 Pack-Raspberry Lemonade (Luster Edition),Disposables,99.95,81.0,goods,0,Raspberry Lemonade (Luster Edition),,50mg,10
DLOMYP500526,Lost Mary OS5000 Rechargeable Disposable by Elf Bar 10 Pack-Raspberry Lemonade (Luster Edition),Disposables,99.95,81.0,goods,0,Raspberry Lemonade (Luster Edition),,50mg,10
DLOMYP500526,Lost Mary OS5000 Rechargeable Disposable by Elf Bar 10 Pack-Raspberry Lemonade (Luster Edition),Disposables,99.95,81.0,goods,0,Raspberry Lemonade (Luster Edition),,50mg,10
DLOMYP400501,Lost Mary OS5000 4% Disposable-10-Pack-Banana Duo-4%,Disposables,98.99,80.0,goods,0,Banana Duo,,4%,10
DLOMYP400501,Lost Mary OS5000 4% Disposable-10-Pack-Banana Duo-4%,Disposables,98.99,80.0,goods,0,Banana Duo,,4%,10
DLOMYP400501,Lost Mary OS5000 4% Disposable-10-Pack-Banana Duo-4%,Disposables,98.99,80.0,goods,0,Banana Duo,,4%,10
DLOMYP400502,Lost Mary OS5000 4% Disposable-10-Pack-Cherry Banana Duo Ice-4%,Disposables,98.99,80.0,goods,0,Cherry Banana Duo Ice,,4%,10
DLOMYP400502,Lost Mary OS5000 4% Disposable-10-Pack-Cherry Banana Duo Ice-4%,Disposables,98.99,80.0,goods,0,Cherry Banana Duo Ice,,4%,10
DLOMYP400502,Lost Mary OS5000 4% Disposable-10-Pack-Cherry Banana Duo Ice-4%,Disposables,98.99,80.0,goods,0,Cherry Banana Duo Ice,,4%,10
DLOMYP400503,Lost Mary OS5000 4% Disposable-10-Pack-Lemon Mint-4%,Disposables,98.99,80.0,goods,0,Lemon Mint,,4%,10
DLOMYP400503,Lost Mary OS5000 4% Disposable-10-Pack-Lemon Mint-4%,Disposables,98.99,80.0,goods,0,Lemon Mint,,4%,10
DLOMYP400503,Lost Mary OS5000 4% Disposable-10-Pack-Lemon Mint-4%,Disposables,98.99,80.0,goods,0,Lemon Mint,,4%,10
DLOMYP400504,Lost Mary OS5000 4% Disposable-10-Pack-Pineapple Duo Ice-4%,Disposables,98.99,80.0,goods,0,Pineapple Duo Ice,,4%,10
DLOMYP400504,Lost Mary OS5000 4% Disposable-10-Pack-Pineapple Duo Ice-4%,Disposables,98.99,80.0,goods,0,Pineapple Duo Ice,,4%,10
DLOMYP400504,Lost Mary OS5000 4% Disposable-10-Pack-Pineapple Duo Ice-4%,Disposables,98.99,80.0,goods,0,Pineapple Duo Ice,,4%,10
DLOMYP400505,Lost Mary OS5000 4% Disposable-10-Pack-Triple Berry Duo Ice-4%,Disposables,98.99,80.0,goods,0,Triple Berry Duo Ice,,4%,10
DLOMYP400505,Lost Mary OS5000 4% Disposable-10-Pack-Triple Berry Duo Ice-4%,Disposables,98.99,80.0,goods,0,Triple Berry Duo Ice,,4%,10
DLOMYP400505,Lost Mary OS5000 4% Disposable-10-Pack-Triple Berry Duo Ice-4%,Disposables,98.99,80.0,goods,0,Triple Berry Duo Ice,,4%,10
DLMMOP400501,Lost Mary MO5000 4% Disposable-5-Pack-Black Mint-4%,Disposables,49.95,40.5,goods,0,Black Mint,,4%,5
DLMMOP400501,Lost Mary MO5000 4% Disposable-5-Pack-Black Mint-4%,Disposables,49.95,40.5,goods,0,Black Mint,,4%,5
DLMMOP400501,Lost Mary MO5000 4% Disposable-5-Pack-Black Mint-4%,Disposables,49.95,40.5,goods,0,Black Mint,,4%,5
DLMMOP400502,Lost Mary MO5000 4% Disposable-5-Pack-Blue Trio-4%,Disposables,49.95,40.5,goods,0,Blue Trio,,4%,5
DLMMOP400502,Lost Mary MO5000 4% Disposable-5-Pack-Blue Trio-4%,Disposables,49.95,40.5,goods,0,Blue Trio,,4%,5
DLMMOP400502,Lost Mary MO5000 4% Disposable-5-Pack-Blue Trio-4%,Disposables,49.95,40.5,goods,0,Blue Trio,,4%,5
DLMMOP400503,Lost Mary MO5000 4% Disposable-5-Pack-Blueberry Raspberry Lemon-4%,Disposables,49.95,40.5,goods,0,Blueberry Raspberry Lemon,,4%,5
DLMMOP400503,Lost Mary MO5000 4% Disposable-5-Pack-Blueberry Raspberry Lemon-4%,Disposables,49.95,40.5,goods,0,Blueberry Raspberry Lemon,,4%,5
DLMMOP400503,Lost Mary MO5000 4% Disposable-5-Pack-Blueberry Raspberry Lemon-4%,Disposables,49.95,40.5,goods,0,Blueberry Raspberry Lemon,,4%,5
DLMMOP400504,Lost Mary MO5000 4% Disposable-5-Pack-Cherry Lemon-4%,Disposables,49.95,40.5,goods,0,Cherry Lemon,,4%,5
DLMMOP400504,Lost Mary MO5000 4% Disposable-5-Pack-Cherry Lemon-4%,Disposables,49.95,40.5,goods,0,Cherry Lemon,,4%,5
DLMMOP400504,Lost Mary MO5000 4% Disposable-5-Pack-Cherry Lemon-4%,Disposables,49.95,40.5,goods,0,Cherry Lemon,,4%,5
DLMMOP400505,Lost Mary MO5000 4% Disposable-5-Pack-Grape Jelly-4%,Disposables,49.95,40.0,goods,0,Grape Jelly,,4%,5
DLMMOP400505,Lost Mary MO5000 4% Disposable-5-Pack-Grape Jelly-4%,Disposables,49.95,40.0,goods,0,Grape Jelly,,4%,5
DLMMOP400505,Lost Mary MO5000 4% Disposable-5-Pack-Grape Jelly-4%,Disposables,49.95,40.0,goods,0,Grape Jelly,,4%,5
DLMMOP400506,Lost Mary MO5000 4% Disposable-5-Pack-Mango Peach-4%,Disposables,49.95,40.5,goods,0,Mango Peach,,4%,5
DLMMOP400506,Lost Mary MO5000 4% Disposable-5-Pack-Mango Peach-4%,Disposables,49.95,40.5,goods,0,Mango Peach,,4%,5
DLMMOP400506,Lost Mary MO5000 4% Disposable-5-Pack-Mango Peach-4%,Disposables,49.95,40.5,goods,0,Mango Peach,,4%,5
DLMMOP400507,Lost Mary MO5000 4% Disposable-5-Pack-Mango Peach Watermelon-4%,Disposables,49.95,40.5,goods,0,Mango Peach Watermelon,,4%,5
DLMMOP400507,Lost Mary MO5000 4% Disposable-5-Pack-Mango Peach Watermelon-4%,Disposables,49.95,40.5,goods,0,Mango Peach Watermelon,,4%,5
DLMMOP400507,Lost Mary MO5000 4% Disposable-5-Pack-Mango Peach Watermelon-4%,Disposables,49.95,40.5,goods,0,Mango Peach Watermelon,,4%,5
DLMMOP400508,Lost Mary MO5000 4% Disposable-5-Pack-Pineapple Apple Pear-4%,Disposables,49.95,40.5,goods,0,Pineapple Apple Pear,,4%,5
DLMMOP400508,Lost Mary MO5000 4% Disposable-5-Pack-Pineapple Apple Pear-4%,Disposables,49.95,40.5,goods,0,Pineapple Apple Pear,,4%,5
DLMMOP400508,Lost Mary MO5000 4% Disposable-5-Pack-Pineapple Apple Pear-4%,Disposables,49.95,40.5,goods,0,Pineapple Apple Pear,,4%,5
DLMMOP400509,Lost Mary MO5000 4% Disposable-5-Pack-Watermelon Cherry-4%,Disposables,49.95,40.5,goods,0,Watermelon Cherry,,4%,5
DLMMOP400509,Lost Mary MO5000 4% Disposable-5-Pack-Watermelon Cherry-4%,Disposables,49.95,40.5,goods,0,Watermelon Cherry,,4%,5
DLMMOP400509,Lost Mary MO5000 4% Disposable-5-Pack-Watermelon Cherry-4%,Disposables,49.95,40.5,goods,0,Watermelon Cherry,,4%,5
DLMMOP400510,Lost Mary MO5000 4% Disposable-5-Pack-Watermelon-4%,Disposables,49.95,40.5,goods,0,Watermelon,,4%,5
DLMMOP400510,Lost Mary MO5000 4% Disposable-5-Pack-Watermelon-4%,Disposables,49.95,40.5,goods,0,Watermelon,,4%,5
DLMMOP400510,Lost Mary MO5000 4% Disposable-5-Pack-Watermelon-4%,Disposables,49.95,40.5,goods,0,Watermelon,,4%,5
DLMMOP400511,Lost Mary MO5000 4% Disposable-5-Pack-Yummy-4%,Disposables,49.95,40.5,goods,0,Yummy,,4%,5
DLMMOP400511,Lost Mary MO5000 4% Disposable-5-Pack-Yummy-4%,Disposables,49.95,40.5,goods,0,Yummy,,4%,5
DLMMOP400511,Lost Mary MO5000 4% Disposable-5-Pack-Yummy-4%,Disposables,49.95,40.5,goods,0,Yummy,,4%,5
DLMMOP400512,Lost Mary MO5000 4% Disposable-5-Pack-Kiwi Fuse-4%,Disposables,49.95,40.5,goods,0,Kiwi Fuse,,4%,5
DLMMOP400512,Lost Mary MO5000 4% Disposable-5-Pack-Kiwi Fuse-4%,Disposables,49.95,40.5,goods,0,Kiwi Fuse,,4%,5
DLMMOP400512,Lost Mary MO5000 4% Disposable-5-Pack-Kiwi Fuse-4%,Disposables,49.95,40.5,goods,0,Kiwi Fuse,,4%,5
DLMMOP300501,Lost Mary MO5000 3% Disposable-Black Mint-3%-5-Pack,Disposables,49.95,40.5,goods,0,Black Mint,,3%,5
DLMMOP300501,Lost Mary MO5000 3% Disposable-Black Mint-3%-5-Pack,Disposables,49.95,40.5,goods,0,Black Mint,,3%,5
DLMMOP300501,Lost Mary MO5000 3% Disposable-Black Mint-3%-5-Pack,Disposables,49.95,40.5,goods,0,Black Mint,,3%,5
DLMMOP300502,Lost Mary MO5000 3% Disposable-Citrus Sunrise-3%-5-Pack,Disposables,49.95,40.5,goods,0,Citrus Sunrise,,3%,5
DLMMOP300502,Lost Mary MO5000 3% Disposable-Citrus Sunrise-3%-5-Pack,Disposables,49.95,40.5,goods,0,Citrus Sunrise,,3%,5
DLMMOP300502,Lost Mary MO5000 3% Disposable-Citrus Sunrise-3%-5-Pack,Disposables,49.95,40.5,goods,0,Citrus Sunrise,,3%,5
DLMMOP300503,Lost Mary MO5000 3% Disposable-Grape Jelly-3%-5-Pack,Disposables,49.95,40.5,goods,0,Grape Jelly,,3%,5
DLMMOP300503,Lost Mary MO5000 3% Disposable-Grape Jelly-3%-5-Pack,Disposables,49.95,40.5,goods,0,Grape Jelly,,3%,5
DLMMOP300503,Lost Mary MO5000 3% Disposable-Grape Jelly-3%-5-Pack,Disposables,49.95,40.5,goods,0,Grape Jelly,,3%,5
DLMMOP300504,Lost Mary MO5000 3% Disposable-Kiwi Fuse-3%-5-Pack,Disposables,49.95,40.5,goods,0,Kiwi Fuse,,3%,5
DLMMOP300504,Lost Mary MO5000 3% Disposable-Kiwi Fuse-3%-5-Pack,Disposables,49.95,40.5,goods,0,Kiwi Fuse,,3%,5
DLMMOP300504,Lost Mary MO5000 3% Disposable-Kiwi Fuse-3%-5-Pack,Disposables,49.95,40.5,goods,0,Kiwi Fuse,,3%,5
DLMMOP300505,Lost Mary MO5000 3% Disposable-Mango Peach Watermelon-3%-5-Pack,Disposables,49.95,40.5,goods,0,Mango Peach Watermelon,,3%,5
DLMMOP300505,Lost Mary MO5000 3% Disposable-Mango Peach Watermelon-3%-5-Pack,Disposables,49.95,40.5,goods,0,Mango Peach Watermelon,,3%,5
DLMMOP300505,Lost Mary MO5000 3% Disposable-Mango Peach Watermelon-3%-5-Pack,Disposables,49.95,40.5,goods,0,Mango Peach Watermelon,,3%,5
DLMMOP300506,Lost Mary MO5000 3% Disposable-Pineapple Apple Pear-3%-5-Pack,Disposables,49.95,40.5,goods,0,Pineapple Apple Pear,,3%,5
DLMMOP300506,Lost Mary MO5000 3% Disposable-Pineapple Apple Pear-3%-5-Pack,Disposables,49.95,40.5,goods,0,Pineapple Apple Pear,,3%,5
DLMMOP300506,Lost Mary MO5000 3% Disposable-Pineapple Apple Pear-3%-5-Pack,Disposables,49.95,40.5,goods,0,Pineapple Apple Pear,,3%,5
DLMMOP300507,Lost Mary MO5000 3% Disposable-Watermelon Cherry-3%-5-Pack,Disposables,49.95,40.5,goods,0,Watermelon Cherry,,3%,5
DLMMOP300507,Lost Mary MO5000 3% Disposable-Watermelon Cherry-3%-5-Pack,Disposables,49.95,40.5,goods,0,Watermelon Cherry,,3%,5
DLMMOP300507,Lost Mary MO5000 3% Disposable-Watermelon Cherry-3%-5-Pack,Disposables,49.95,40.5,goods,0,Watermelon Cherry,,3%,5
DLMMOP300508,Lost Mary MO5000 3% Disposable-Watermelon Ice-3%-5-Pack,Disposables,49.95,40.5,goods,0,Watermelon Ice,,3%,5
DLMMOP300508,Lost Mary MO5000 3% Disposable-Watermelon Ice-3%-5-Pack,Disposables,49.95,40.5,goods,0,Watermelon Ice,,3%,5
DLMMOP300508,Lost Mary MO5000 3% Disposable-Watermelon Ice-3%-5-Pack,Disposables,49.95,40.5,goods,0,Watermelon Ice,,3%,5
DLMMOP300509,Lost Mary MO5000 3% Disposable-Yummy-3%-5-Pack,Disposables,49.95,40.5,goods,0,Yummy,,3%,5
DLMMOP300509,Lost Mary MO5000 3% Disposable-Yummy-3%-5-Pack,Disposables,49.95,40.5,goods,0,Yummy,,3%,5
DLMMOP300509,Lost Mary MO5000 3% Disposable-Yummy-3%-5-Pack,Disposables,49.95,40.5,goods,0,Yummy,,3%,5
DLOMYP400506,Lost Mary OS5000 4% Disposable-10-Pack-Mad Blue-4%,Disposables,98.99,80.0,goods,0,Mad Blue,,4%,10
DLOMYP400506,Lost Mary OS5000 4% Disposable-10-Pack-Mad Blue-4%,Disposables,98.99,80.0,goods,0,Mad Blue,,4%,10
DLOMYP400506,Lost Mary OS5000 4% Disposable-10-Pack-Mad Blue-4%,Disposables,98.99,80.0,goods,0,Mad Blue,,4%,10
DLOMYP400507,Lost Mary OS5000 4% Disposable-10-Pack-Mary Dream-4%,Disposables,98.99,80.0,goods,0,Mary Dream,,4%,10
DLOMYP400507,Lost Mary OS5000 4% Disposable-10-Pack-Mary Dream-4%,Disposables,98.99,80.0,goods,0,Mary Dream,,4%,10
DLOMYP400507,Lost Mary OS5000 4% Disposable-10-Pack-Mary Dream-4%,Disposables,98.99,80.0,goods,0,Mary Dream,,4%,10
DLOMYP400508,Lost Mary OS5000 4% Disposable-10-Pack-Sakura Berry Peach Ice-4%,Disposables,98.99,80.0,goods,0,Sakura Berry Peach Ice,,4%,10
DLOMYP400508,Lost Mary OS5000 4% Disposable-10-Pack-Sakura Berry Peach Ice-4%,Disposables,98.99,80.0,goods,0,Sakura Berry Peach Ice,,4%,10
DLOMYP400508,Lost Mary OS5000 4% Disposable-10-Pack-Sakura Berry Peach Ice-4%,Disposables,98.99,80.0,goods,0,Sakura Berry Peach Ice,,4%,10
DLOMYP400509,Lost Mary OS5000 4% Disposable-10-Pack-Strawberry Lemonade-4%,Disposables,98.99,80.0,goods,0,Strawberry Lemonade,,4%,10
DLOMYP400509,Lost Mary OS5000 4% Disposable-10-Pack-Strawberry Lemonade-4%,Disposables,98.99,80.0,goods,0,Strawberry Lemonade,,4%,10
DLOMYP400509,Lost Mary OS5000 4% Disposable-10-Pack-Strawberry Lemonade-4%,Disposables,98.99,80.0,goods,0,Strawberry Lemonade,,4%,10
DLOMYP400510,Lost Mary OS5000 4% Disposable-10-Pack-Watermelon Lemon-4%,Disposables,98.99,80.0,goods,0,Watermelon Lemon,,4%,10
DLOMYP400510,Lost Mary OS5000 4% Disposable-10-Pack-Watermelon Lemon-4%,Disposables,98.99,80.0,goods,0,Watermelon Lemon,,4%,10
DLOMYP400510,Lost Mary OS5000 4% Disposable-10-Pack-Watermelon Lemon-4%,Disposables,98.99,80.0,goods,0,Watermelon Lemon,,4%,10
DLOMYP400511,Lost Mary OS5000 4% Disposable-10-Pack-Strawberry Pina Colada-4%,Disposables,98.99,80.0,goods,0,Strawberry Pina Colada,,4%,10
DLOMYP400511,Lost Mary OS5000 4% Disposable-10-Pack-Strawberry Pina Colada-4%,Disposables,98.99,80.0,goods,0,Strawberry Pina Colada,,4%,10
DLOMYP400511,Lost Mary OS5000 4% Disposable-10-Pack-Strawberry Pina Colada-4%,Disposables,98.99,80.0,goods,0,Strawberry Pina Colada,,4%,10
DLOMYP400512,Lost Mary OS5000 4% Disposable-10-Pack-Watermelon-4%,Disposables,98.99,80.0,goods,0,Watermelon,,4%,10
DLOMYP400512,Lost Mary OS5000 4% Disposable-10-Pack-Watermelon-4%,Disposables,98.99,80.0,goods,0,Watermelon,,4%,10
DLOMYP400512,Lost Mary OS5000 4% Disposable-10-Pack-Watermelon-4%,Disposables,98.99,80.0,goods,0,Watermelon,,4%,10
DLOMYP400513,Lost Mary OS5000 4% Disposable-10-Pack-Black Lemonade-4%,Disposables,98.99,80.0,goods,0,Black Lemonade,,4%,10
DLOMYP400513,Lost Mary OS5000 4% Disposable-10-Pack-Black Lemonade-4%,Disposables,98.99,80.0,goods,0,Black Lemonade,,4%,10
DLOMYP400513,Lost Mary OS5000 4% Disposable-10-Pack-Black Lemonade-4%,Disposables,98.99,80.0,goods,0,Black Lemonade,,4%,10
DLOMYP400514,Lost Mary OS5000 4% Disposable-10-Pack-Strawberry Watermelon-4%,Disposables,98.99,80.0,goods,0,Strawberry Watermelon,,4%,10
DLOMYP400514,Lost Mary OS5000 4% Disposable-10-Pack-Strawberry Watermelon-4%,Disposables,98.99,80.0,goods,0,Strawberry Watermelon,,4%,10
DLOMYP400514,Lost Mary OS5000 4% Disposable-10-Pack-Strawberry Watermelon-4%,Disposables,98.99,80.0,goods,0,Strawberry Watermelon,,4%,10
DLMMOP400515,Lost Mary MO5000 4% Disposable-5-Pack-Miami Mint-4%,Disposables,49.95,40.5,goods,0,Miami Mint,,4%,5
DLMMOP400515,Lost Mary MO5000 4% Disposable-5-Pack-Miami Mint-4%,Disposables,49.95,40.5,goods,0,Miami Mint,,4%,5
DLMMOP400515,Lost Mary MO5000 4% Disposable-5-Pack-Miami Mint-4%,Disposables,49.95,40.5,goods,0,Miami Mint,,4%,5
DLMMOP400516,Lost Mary MO5000 4% Disposable-5-Pack-Plum Rose Mint-4%,Disposables,49.95,40.5,goods,0,Plum Rose Mint,,4%,5
DLMMOP400516,Lost Mary MO5000 4% Disposable-5-Pack-Plum Rose Mint-4%,Disposables,49.95,40.5,goods,0,Plum Rose Mint,,4%,5
DLMMOP400516,Lost Mary MO5000 4% Disposable-5-Pack-Plum Rose Mint-4%,Disposables,49.95,40.5,goods,0,Plum Rose Mint,,4%,5
DLMMOP400519,Lost Mary MO5000 4% Disposable-5-Pack-Triple Berry Ice-4%,Disposables,49.95,40.5,goods,0,Triple Berry Ice,,4%,5
DLMMOP400519,Lost Mary MO5000 4% Disposable-5-Pack-Triple Berry Ice-4%,Disposables,49.95,40.5,goods,0,Triple Berry Ice,,4%,5
DLMMOP400519,Lost Mary MO5000 4% Disposable-5-Pack-Triple Berry Ice-4%,Disposables,49.95,40.5,goods,0,Triple Berry Ice,,4%,5
DLMMOP400521,Lost Mary MO5000 4% Disposable-5-Pack-Blackcurrant Mint-4%,Disposables,49.95,40.5,goods,0,Blackcurrant Mint,,4%,5
DLMMOP400521,Lost Mary MO5000 4% Disposable-5-Pack-Blackcurrant Mint-4%,Disposables,49.95,40.5,goods,0,Blackcurrant Mint,,4%,5
DLMMOP400521,Lost Mary MO5000 4% Disposable-5-Pack-Blackcurrant Mint-4%,Disposables,49.95,40.5,goods,0,Blackcurrant Mint,,4%,5
DLMMOP400522,Lost Mary MO5000 4% Disposable-5-Pack-Fuji Duo Ice-4%,Disposables,49.95,40.5,goods,0,Fuji Duo Ice,,4%,5
DLMMOP400522,Lost Mary MO5000 4% Disposable-5-Pack-Fuji Duo Ice-4%,Disposables,49.95,40.5,goods,0,Fuji Duo Ice,,4%,5
DLMMOP400522,Lost Mary MO5000 4% Disposable-5-Pack-Fuji Duo Ice-4%,Disposables,49.95,40.5,goods,0,Fuji Duo Ice,,4%,5
DLMMOP400523,Lost Mary MO5000 4% Disposable-5-Pack-Kiwi Dragon Duo Ice-4%,Disposables,49.95,40.5,goods,0,Kiwi Dragon Duo Ice,,4%,5
DLMMOP400523,Lost Mary MO5000 4% Disposable-5-Pack-Kiwi Dragon Duo Ice-4%,Disposables,49.95,40.5,goods,0,Kiwi Dragon Duo Ice,,4%,5
DLMMOP400523,Lost Mary MO5000 4% Disposable-5-Pack-Kiwi Dragon Duo Ice-4%,Disposables,49.95,40.5,goods,0,Kiwi Dragon Duo Ice,,4%,5
HLOY12B0DS30CPL,Lost Mary BM5000 Puffs Disposable-10-Pack-Cherry Peach Lemonade,Disposables,69.99,,goods,5000,Cherry Peach Lemonade,13mL,5.0%,10
HLOY12B0DS30CPL,Lost Mary BM5000 Puffs Disposable-10-Pack-Cherry Peach Lemonade,Disposables,69.99,,goods,5000,Cherry Peach Lemonade,13mL,5.0%,10
HLOY12B0DS30CPL,Lost Mary BM5000 Puffs Disposable-10-Pack-Cherry Peach Lemonade,Disposables,69.99,,goods,5000,Cherry Peach Lemonade,13mL,5.0%,10
HLOY12B0DS30CYSA,Lost Mary BM5000 Puffs Disposable-10-Pack-Cranberry Soda,Disposables,69.99,,goods,5000,Cranberry Soda,13mL,5.0%,10
HLOY12B0DS30CYSA,Lost Mary BM5000 Puffs Disposable-10-Pack-Cranberry Soda,Disposables,69.99,,goods,5000,Cranberry Soda,13mL,5.0%,10
HLOY12B0DS30CYSA,Lost Mary BM5000 Puffs Disposable-10-Pack-Cranberry Soda,Disposables,69.99,,goods,5000,Cranberry Soda,13mL,5.0%,10
HLOY12B0DS30EY,Lost Mary BM5000 Puffs Disposable-10-Pack-Energy,Disposables,69.99,,goods,5000,Energy,13mL,5.0%,10
HLOY12B0DS30EY,Lost Mary BM5000 Puffs Disposable-10-Pack-Energy,Disposables,69.99,,goods,5000,Energy,13mL,5.0%,10
HLOY12B0DS30EY,Lost Mary BM5000 Puffs Disposable-10-Pack-Energy,Disposables,69.99,,goods,5000,Energy,13mL,5.0%,10
HLOY12B0DS30FTPH,Lost Mary BM5000 Puffs Disposable-10-Pack-Fruit Punch,Disposables,69.99,,goods,5000,Fruit Punch,13mL,5.0%,10
HLOY12B0DS30FTPH,Lost Mary BM5000 Puffs Disposable-10-Pack-Fruit Punch,Disposables,69.99,,goods,5000,Fruit Punch,13mL,5.0%,10
HLOY12B0DS30FTPH,Lost Mary BM5000 Puffs Disposable-10-Pack-Fruit Punch,Disposables,69.99,,goods,5000,Fruit Punch,13mL,5.0%,10
HLOY12B0DS30GYBS,Lost Mary BM5000 Puffs Disposable-10-Pack-Gummy Bears,Disposables,69.99,,goods,5000,Gummy Bears,13mL,5.0%,10
HLOY12B0DS30GYBS,Lost Mary BM5000 Puffs Disposable-10-Pack-Gummy Bears,Disposables,69.99,,goods,5000,Gummy Bears,13mL,5.0%,10
HLOY12B0DS30GYBS,Lost Mary BM5000 Puffs Disposable-10-Pack-Gummy Bears,Disposables,69.99,,goods,5000,Gummy Bears,13mL,5.0%,10
HLOY12B0DS30MPF,Lost Mary BM5000 Puffs Disposable-10-Pack-Mango Passion Fruit,Disposables,69.99,,goods,5000,Mango Passion Fruit,13mL,5.0%,10
HLOY12B0DS30MPF,Lost Mary BM5000 Puffs Disposable-10-Pack-Mango Passion Fruit,Disposables,69.99,,goods,5000,Mango Passion Fruit,13mL,5.0%,10
HLOY12B0DS30MPF,Lost Mary BM5000 Puffs Disposable-10-Pack-Mango Passion Fruit,Disposables,69.99,,goods,5000,Mango Passion Fruit,13mL,5.0%,10
HLOY12B0DS30MDBS,Lost Mary BM5000 Puffs Disposable-10-Pack-Mixed Berries,Disposables,69.99,72.5,goods,5000,Mixed Berries,13mL,5.0%,10
HLOY12B0DS30MDBS,Lost Mary BM5000 Puffs Disposable-10-Pack-Mixed Berries,Disposables,69.99,72.5,goods,5000,Mixed Berries,13mL,5.0%,10
HLOY12B0DS30MDBS,Lost Mary BM5000 Puffs Disposable-10-Pack-Mixed Berries,Disposables,69.99,72.5,goods,5000,Mixed Berries,13mL,5.0%,10
HLOY12B0DS30MWCH,Lost Mary BM5000 Puffs Disposable-10-Pack-Moscow Crush,Disposables,69.99,,goods,5000,Moscow Crush,13mL,5.0%,10
HLOY12B0DS30MWCH,Lost Mary BM5000 Puffs Disposable-10-Pack-Moscow Crush,Disposables,69.99,,goods,5000,Moscow Crush,13mL,5.0%,10
HLOY12B0DS30MWCH,Lost Mary BM5000 Puffs Disposable-10-Pack-Moscow Crush,Disposables,69.99,,goods,5000,Moscow Crush,13mL,5.0%,10
HLOY12B0DS30PCI,Lost Mary BM5000 Puffs Disposable-10-Pack-Pineapple Coconut Ice,Disposables,69.99,,goods,5000,Pineapple Coconut Ice,13mL,5.0%,10
HLOY12B0DS30PCI,Lost Mary BM5000 Puffs Disposable-10-Pack-Pineapple Coconut Ice,Disposables,69.99,,goods,5000,Pineapple Coconut Ice,13mL,5.0%,10
HLOY12B0DS30PCI,Lost Mary BM5000 Puffs Disposable-10-Pack-Pineapple Coconut Ice,Disposables,69.99,,goods,5000,Pineapple Coconut Ice,13mL,5.0%,10
HLOY12B0DS30RAI,Lost Mary BM5000 Puffs Disposable-10-Pack-Red Apple Ice,Disposables,69.99,,goods,5000,Red Apple Ice,13mL,5.0%,10
HLOY12B0DS30RAI,Lost Mary BM5000 Puffs Disposable-10-Pack-Red Apple Ice,Disposables,69.99,,goods,5000,Red Apple Ice,13mL,5.0%,10
HLOY12B0DS30RAI,Lost Mary BM5000 Puffs Disposable-10-Pack-Red Apple Ice,Disposables,69.99,,goods,5000,Red Apple Ice,13mL,5.0%,10
HLOY12B0DS30SRMH,Lost Mary BM5000 Puffs Disposable-10-Pack-Sour Mouth,Disposables,69.99,,goods,5000,Sour Mouth,13mL,5.0%,10
HLOY12B0DS30SRMH,Lost Mary BM5000 Puffs Disposable-10-Pack-Sour Mouth,Disposables,69.99,,goods,5000,Sour Mouth,13mL,5.0%,10
HLOY12B0DS30SRMH,Lost Mary BM5000 Puffs Disposable-10-Pack-Sour Mouth,Disposables,69.99,,goods,5000,Sour Mouth,13mL,5.0%,10
HLOY12B0DS30SIC,Lost Mary BM5000 Puffs Disposable-10-Pack-Strawberry Ice Cream,Disposables,69.99,,goods,5000,Strawberry Ice Cream,13mL,5.0%,10
HLOY12B0DS30SIC,Lost Mary BM5000 Puffs Disposable-10-Pack-Strawberry Ice Cream,Disposables,69.99,,goods,5000,Strawberry Ice Cream,13mL,5.0%,10
HLOY12B0DS30SIC,Lost Mary BM5000 Puffs Disposable-10-Pack-Strawberry Ice Cream,Disposables,69.99,,goods,5000,Strawberry Ice Cream,13mL,5.0%,10
HLOY12B0DS30LLI,Lost Mary BM5000 Puffs Disposable-10-Pack-Lemon Lime Ice,Disposables,69.99,,goods,5000,Lemon Lime Ice,13mL,5.0%,10
HLOY12B0DS30LLI,Lost Mary BM5000 Puffs Disposable-10-Pack-Lemon Lime Ice,Disposables,69.99,,goods,5000,Lemon Lime Ice,13mL,5.0%,10
HLOY12B0DS30LLI,Lost Mary BM5000 Puffs Disposable-10-Pack-Lemon Lime Ice,Disposables,69.99,,goods,5000,Lemon Lime Ice,13mL,5.0%,10
HLOY12B0DS30LHIE,Lost Mary BM5000 Puffs Disposable-10-Pack-Lush Ice,Disposables,69.99,,goods,5000,Lush Ice,13mL,5.0%,10
HLOY12B0DS30LHIE,Lost Mary BM5000 Puffs Disposable-10-Pack-Lush Ice,Disposables,69.99,,goods,5000,Lush Ice,13mL,5.0%,10
HLOY12B0DS30LHIE,Lost Mary BM5000 Puffs Disposable-10-Pack-Lush Ice,Disposables,69.99,,goods,5000,Lush Ice,13mL,5.0%,10
HLOY12B0DS30PIT,Lost Mary BM5000 Puffs Disposable-10-Pack-Peach Ice Tea,Disposables,69.99,,goods,5000,Peach Ice Tea,13mL,5.0%,10
HLOY12B0DS30PIT,Lost Mary BM5000 Puffs Disposable-10-Pack-Peach Ice Tea,Disposables,69.99,,goods,5000,Peach Ice Tea,13mL,5.0%,10
HLOY12B0DS30PIT,Lost Mary BM5000 Puffs Disposable-10-Pack-Peach Ice Tea,Disposables,69.99,,goods,5000,Peach Ice Tea,13mL,5.0%,10
HLOY12B0DS30RT,Lost Mary BM5000 Puffs Disposable-10-Pack-Root,Disposables,69.99,,goods,5000,Root,13mL,5.0%,10
HLOY12B0DS30RT,Lost Mary BM5000 Puffs Disposable-10-Pack-Root,Disposables,69.99,,goods,5000,Root,13mL,5.0%,10
HLOY12B0DS30RT,Lost Mary BM5000 Puffs Disposable-10-Pack-Root,Disposables,69.99,,goods,5000,Root,13mL,5.0%,10
HLOY12B0DS30BRC,Lost Mary BM5000 Puffs Disposable-10-Pack-Blueberry Raspberry Cherry,Disposables,69.99,,goods,5000,Blueberry Raspberry Cherry,13mL,5.0%,10
HLOY12B0DS30BRC,Lost Mary BM5000 Puffs Disposable-10-Pack-Blueberry Raspberry Cherry,Disposables,69.99,,goods,5000,Blueberry Raspberry Cherry,13mL,5.0%,10
HLOY12B0DS30BRC,Lost Mary BM5000 Puffs Disposable-10-Pack-Blueberry Raspberry Cherry,Disposables,69.99,,goods,5000,Blueberry Raspberry Cherry,13mL,5.0%,10
HLOY12B0DS30CNCY,Lost Mary BM5000 Puffs Disposable-10-Pack-Cotton Candy,Disposables,69.99,,goods,5000,Cotton Candy,13mL,5.0%,10
HLOY12B0DS30CNCY,Lost Mary BM5000 Puffs Disposable-10-Pack-Cotton Candy,Disposables,69.99,,goods,5000,Cotton Candy,13mL,5.0%,10
HLOY12B0DS30CNCY,Lost Mary BM5000 Puffs Disposable-10-Pack-Cotton Candy,Disposables,69.99,,goods,5000,Cotton Candy,13mL,5.0%,10
HLOY12B0DS30GAI,Lost Mary BM5000 Puffs Disposable-10-Pack-Grape Apple Ice,Disposables,69.99,,goods,5000,Grape Apple Ice,13mL,5.0%,10
HLOY12B0DS30GAI,Lost Mary BM5000 Puffs Disposable-10-Pack-Grape Apple Ice,Disposables,69.99,,goods,5000,Grape Apple Ice,13mL,5.0%,10
HLOY12B0DS30GAI,Lost Mary BM5000 Puffs Disposable-10-Pack-Grape Apple Ice,Disposables,69.99,,goods,5000,Grape Apple Ice,13mL,5.0%,10
HLOY12B0DS30SBC,Lost Mary BM5000 Puffs Disposable-10-Pack-Strawberry Blueberry Cherry,Disposables,69.99,,goods,5000,Strawberry Blueberry Cherry,13mL,5.0%,10
HLOY12B0DS30SBC,Lost Mary BM5000 Puffs Disposable-10-Pack-Strawberry Blueberry Cherry,Disposables,69.99,,goods,5000,Strawberry Blueberry Cherry,13mL,5.0%,10
HLOY12B0DS30SBC,Lost Mary BM5000 Puffs Disposable-10-Pack-Strawberry Blueberry Cherry,Disposables,69.99,,goods,5000,Strawberry Blueberry Cherry,13mL,5.0%,10
DLOMYP400515,Lost Mary OS5000 4% Disposable-10-Pack-Cherry Cola-4%,Disposables,98.99,81.0,goods,0,Cherry Cola,,4%,10
DLOMYP400515,Lost Mary OS5000 4% Disposable-10-Pack-Cherry Cola-4%,Disposables,98.99,81.0,goods,0,Cherry Cola,,4%,10
DLOMYP400515,Lost Mary OS5000 4% Disposable-10-Pack-Cherry Cola-4%,Disposables,98.99,81.0,goods,0,Cherry Cola,,4%,10
DLOMYP400516,Lost Mary OS5000 4% Disposable-10-Pack-Peach Ice-4%,Disposables,98.99,80.0,goods,0,Peach Ice,,4%,10
DLOMYP400516,Lost Mary OS5000 4% Disposable-10-Pack-Peach Ice-4%,Disposables,98.99,80.0,goods,0,Peach Ice,,4%,10
DLOMYP400516,Lost Mary OS5000 4% Disposable-10-Pack-Peach Ice-4%,Disposables,98.99,80.0,goods,0,Peach Ice,,4%,10
DLOMYP400517,Lost Mary OS5000 4% Disposable-10-Pack-Blueberry P'n'B Cloud-4%,Disposables,98.99,80.0,goods,0,Blueberry P'n'B Cloud,,4%,10
DLOMYP400517,Lost Mary OS5000 4% Disposable-10-Pack-Blueberry P'n'B Cloud-4%,Disposables,98.99,80.0,goods,0,Blueberry P'n'B Cloud,,4%,10
DLOMYP400517,Lost Mary OS5000 4% Disposable-10-Pack-Blueberry P'n'B Cloud-4%,Disposables,98.99,80.0,goods,0,Blueberry P'n'B Cloud,,4%,10
DLMMOP400525,Lost Mary MO5000 4% Disposable-5-Pack-Gami-4%,Disposables,49.95,40.5,goods,0,Gami,,4%,5
DLMMOP400525,Lost Mary MO5000 4% Disposable-5-Pack-Gami-4%,Disposables,49.95,40.5,goods,0,Gami,,4%,5
DLMMOP400525,Lost Mary MO5000 4% Disposable-5-Pack-Gami-4%,Disposables,49.95,40.5,goods,0,Gami,,4%,5
DLMMOP400526,Lost Mary MO5000 4% Disposable-5-Pack-Black Duo Ice-4%,Disposables,49.95,39.75,goods,0,Black Duo Ice,,4%,5
DLMMOP400526,Lost Mary MO5000 4% Disposable-5-Pack-Black Duo Ice-4%,Disposables,49.95,39.75,goods,0,Black Duo Ice,,4%,5
DLMMOP400526,Lost Mary MO5000 4% Disposable-5-Pack-Black Duo Ice-4%,Disposables,49.95,39.75,goods,0,Black Duo Ice,,4%,5
DLMMOP400527,Lost Mary MO5000 4% Disposable-5-Pack-Berry Rose Duo Ice-4%,Disposables,49.95,39.75,goods,0,Berry Rose Duo Ice,,4%,5
DLMMOP400527,Lost Mary MO5000 4% Disposable-5-Pack-Berry Rose Duo Ice-4%,Disposables,49.95,39.75,goods,0,Berry Rose Duo Ice,,4%,5
DLMMOP400527,Lost Mary MO5000 4% Disposable-5-Pack-Berry Rose Duo Ice-4%,Disposables,49.95,39.75,goods,0,Berry Rose Duo Ice,,4%,5
DLOMYP500527,Lost Mary OS5000 Rechargeable Disposable by Elf Bar 10 Pack-Banana Duo Ice,Disposables,99.95,80.0,goods,0,Banana Duo Ice,,50mg,10
DLOMYP500527,Lost Mary OS5000 Rechargeable Disposable by Elf Bar 10 Pack-Banana Duo Ice,Disposables,99.95,80.0,goods,0,Banana Duo Ice,,50mg,10
DLOMYP500527,Lost Mary OS5000 Rechargeable Disposable by Elf Bar 10 Pack-Banana Duo Ice,Disposables,99.95,80.0,goods,0,Banana Duo Ice,,50mg,10
DLOMYP500528,Lost Mary OS5000 Rechargeable Disposable by Elf Bar 10 Pack-Cherry Banana Duo Ice,Disposables,99.95,80.0,goods,0,Cherry Banana Duo Ice,,50mg,10
DLOMYP500528,Lost Mary OS5000 Rechargeable Disposable by Elf Bar 10 Pack-Cherry Banana Duo Ice,Disposables,99.95,80.0,goods,0,Cherry Banana Duo Ice,,50mg,10
DLOMYP500528,Lost Mary OS5000 Rechargeable Disposable by Elf Bar 10 Pack-Cherry Banana Duo Ice,Disposables,99.95,80.0,goods,0,Cherry Banana Duo Ice,,50mg,10
DLOMYP500529,Lost Mary OS5000 Rechargeable Disposable by Elf Bar 10 Pack-Lemon Mint,Disposables,99.95,80.0,goods,0,Lemon Mint,,50mg,10
DLOMYP500529,Lost Mary OS5000 Rechargeable Disposable by Elf Bar 10 Pack-Lemon Mint,Disposables,99.95,80.0,goods,0,Lemon Mint,,50mg,10
DLOMYP500529,Lost Mary OS5000 Rechargeable Disposable by Elf Bar 10 Pack-Lemon Mint,Disposables,99.95,80.0,goods,0,Lemon Mint,,50mg,10
DLOMYP500530,Lost Mary OS5000 Rechargeable Disposable by Elf Bar 10 Pack-Pineapple Duo Ice,Disposables,99.95,80.0,goods,0,Pineapple Duo Ice,,50mg,10
DLOMYP500530,Lost Mary OS5000 Rechargeable Disposable by Elf Bar 10 Pack-Pineapple Duo Ice,Disposables,99.95,80.0,goods,0,Pineapple Duo Ice,,50mg,10
DLOMYP500530,Lost Mary OS5000 Rechargeable Disposable by Elf Bar 10 Pack-Pineapple Duo Ice,Disposables,99.95,80.0,goods,0,Pineapple Duo Ice,,50mg,10
DLOMYP500531,Lost Mary OS5000 Rechargeable Disposable by Elf Bar 10 Pack-Banana Raspberry Ice,Disposables,99.95,80.0,goods,0,Banana Raspberry Ice,,50mg,10
DLOMYP500531,Lost Mary OS5000 Rechargeable Disposable by Elf Bar 10 Pack-Banana Raspberry Ice,Disposables,99.95,80.0,goods,0,Banana Raspberry Ice,,50mg,10
DLOMYP500531,Lost Mary OS5000 Rechargeable Disposable by Elf Bar 10 Pack-Banana Raspberry Ice,Disposables,99.95,80.0,goods,0,Banana Raspberry Ice,,50mg,10
DLOMYP500533,Lost Mary OS5000 Rechargeable Disposable by Elf Bar 10 Pack-Sakura Berry Peach Ice,Disposables,99.95,80.0,goods,0,Sakura Berry Peach Ice,,50mg,10
DLOMYP500533,Lost Mary OS5000 Rechargeable Disposable by Elf Bar 10 Pack-Sakura Berry Peach Ice,Disposables,99.95,80.0,goods,0,Sakura Berry Peach Ice,,50mg,10
DLOMYP500533,Lost Mary OS5000 Rechargeable Disposable by Elf Bar 10 Pack-Sakura Berry Peach Ice,Disposables,99.95,80.0,goods,0,Sakura Berry Peach Ice,,50mg,10
DLOMYP500534,Lost Mary OS5000 Rechargeable Disposable by Elf Bar 10 Pack-Strawberry Lemonade,Disposables,99.95,80.0,goods,0,Strawberry Lemonade,,50mg,10
DLOMYP500534,Lost Mary OS5000 Rechargeable Disposable by Elf Bar 10 Pack-Strawberry Lemonade,Disposables,99.95,80.0,goods,0,Strawberry Lemonade,,50mg,10
DLOMYP500534,Lost Mary OS5000 Rechargeable Disposable by Elf Bar 10 Pack-Strawberry Lemonade,Disposables,99.95,80.0,goods,0,Strawberry Lemonade,,50mg,10
DLOMYP500535,Lost Mary OS5000 Rechargeable Disposable by Elf Bar 10 Pack-Black Lemonade,Disposables,99.95,80.0,goods,0,Black Lemonade,,50mg,10
DLOMYP500535,Lost Mary OS5000 Rechargeable Disposable by Elf Bar 10 Pack-Black Lemonade,Disposables,99.95,80.0,goods,0,Black Lemonade,,50mg,10
DLOMYP500535,Lost Mary OS5000 Rechargeable Disposable by Elf Bar 10 Pack-Black Lemonade,Disposables,99.95,80.0,goods,0,Black Lemonade,,50mg,10
DLOMYP500536,Lost Mary OS5000 Rechargeable Disposable by Elf Bar 10 Pack-Blueberry Raspberry Peach,Disposables,99.95,80.0,goods,0,Blueberry Raspberry Peach,,50mg,10
DLOMYP500536,Lost Mary OS5000 Rechargeable Disposable by Elf Bar 10 Pack-Blueberry Raspberry Peach,Disposables,99.95,80.0,goods,0,Blueberry Raspberry Peach,,50mg,10
DLOMYP500536,Lost Mary OS5000 Rechargeable Disposable by Elf Bar 10 Pack-Blueberry Raspberry Peach,Disposables,99.95,80.0,goods,0,Blueberry Raspberry Peach,,50mg,10
DLOMYP500537,Lost Mary OS5000 Rechargeable Disposable by Elf Bar 10 Pack-Forest Mint,Disposables,99.95,80.0,goods,0,Forest Mint,,50mg,10
DLOMYP500537,Lost Mary OS5000 Rechargeable Disposable by Elf Bar 10 Pack-Forest Mint,Disposables,99.95,80.0,goods,0,Forest Mint,,50mg,10
DLOMYP500537,Lost Mary OS5000 Rechargeable Disposable by Elf Bar 10 Pack-Forest Mint,Disposables,99.95,80.0,goods,0,Forest Mint,,50mg,10
DLOMYP500538,Lost Mary OS5000 Rechargeable Disposable by Elf Bar 10 Pack-Strawberry Watermelon,Disposables,99.95,80.0,goods,0,Strawberry Watermelon,,50mg,10
DLOMYP500538,Lost Mary OS5000 Rechargeable Disposable by Elf Bar 10 Pack-Strawberry Watermelon,Disposables,99.95,80.0,goods,0,Strawberry Watermelon,,50mg,10
DLOMYP500538,Lost Mary OS5000 Rechargeable Disposable by Elf Bar 10 Pack-Strawberry Watermelon,Disposables,99.95,80.0,goods,0,Strawberry Watermelon,,50mg,10
DLOMYP500539,Lost Mary OS5000 Rechargeable Disposable by Elf Bar 10 Pack-Triple Berry Duo Ice,Disposables,99.95,80.0,goods,0,Triple Berry Duo Ice,,50mg,10
DLOMYP500539,Lost Mary OS5000 Rechargeable Disposable by Elf Bar 10 Pack-Triple Berry Duo Ice,Disposables,99.95,80.0,goods,0,Triple Berry Duo Ice,,50mg,10
DLOMYP500539,Lost Mary OS5000 Rechargeable Disposable by Elf Bar 10 Pack-Triple Berry Duo Ice,Disposables,99.95,80.0,goods,0,Triple Berry Duo Ice,,50mg,10
DLOMYP400518,Lost Mary OS5000 4% Disposable-10-Pack-Clear-4%,Disposables,98.99,80.0,goods,0,Clear,,4%,10
DLOMYP400518,Lost Mary OS5000 4% Disposable-10-Pack-Clear-4%,Disposables,98.99,80.0,goods,0,Clear,,4%,10
DLOMYP400518,Lost Mary OS5000 4% Disposable-10-Pack-Clear-4%,Disposables,98.99,80.0,goods,0,Clear,,4%,10
DLOMYP500541,Lost Mary OS5000 Rechargeable Disposable by Elf Bar 10 Pack-Light Snow Peppermint,Disposables,99.95,80.0,goods,0,Light Snow Peppermint,,50mg,10
DLOMYP500541,Lost Mary OS5000 Rechargeable Disposable by Elf Bar 10 Pack-Light Snow Peppermint,Disposables,99.95,80.0,goods,0,Light Snow Peppermint,,50mg,10
DLOMYP500541,Lost Mary OS5000 Rechargeable Disposable by Elf Bar 10 Pack-Light Snow Peppermint,Disposables,99.95,80.0,goods,0,Light Snow Peppermint,,50mg,10
DLOMYP500542,Lost Mary OS5000 Rechargeable Disposable by Elf Bar 10 Pack-Blueberry Raspberry Pomegranate,Disposables,99.95,80.0,goods,0,Blueberry Raspberry Pomegranate,,50mg,10
DLOMYP500542,Lost Mary OS5000 Rechargeable Disposable by Elf Bar 10 Pack-Blueberry Raspberry Pomegranate,Disposables,99.95,80.0,goods,0,Blueberry Raspberry Pomegranate,,50mg,10
DLOMYP500542,Lost Mary OS5000 Rechargeable Disposable by Elf Bar 10 Pack-Blueberry Raspberry Pomegranate,Disposables,99.95,80.0,goods,0,Blueberry Raspberry Pomegranate,,50mg,10
HLOY10OLED40LSP,Lost Mary OS5000 4% Disposable-10-Pack-Light Snoow Peppermint (Luster Edition)-4%,Disposables,98.99,,goods,0,Light Snoow Peppermint (Luster Edition),,4%,10
HLOY10OLED40LSP,Lost Mary OS5000 4% Disposable-10-Pack-Light Snoow Peppermint (Luster Edition)-4%,Disposables,98.99,,goods,0,Light Snoow Peppermint (Luster Edition),,4%,10
HLOY10OLED40LSP,Lost Mary OS5000 4% Disposable-10-Pack-Light Snoow Peppermint (Luster Edition)-4%,Disposables,98.99,,goods,0,Light Snoow Peppermint (Luster Edition),,4%,10
HLOY10OLED40BRP,Lost Mary OS5000 4% Disposable-10-Pack-Blueberry Raspberry Peach (Luster Edition)-4%,Disposables,98.99,,goods,0,Blueberry Raspberry Peach (Luster Edition),,4%,10
HLOY10OLED40BRP,Lost Mary OS5000 4% Disposable-10-Pack-Blueberry Raspberry Peach (Luster Edition)-4%,Disposables,98.99,,goods,0,Blueberry Raspberry Peach (Luster Edition),,4%,10
HLOY10OLED40BRP,Lost Mary OS5000 4% Disposable-10-Pack-Blueberry Raspberry Peach (Luster Edition)-4%,Disposables,98.99,,goods,0,Blueberry Raspberry Peach (Luster Edition),,4%,10
HLOR13SEO50KPFG,Lost Mary OS5000 4% Disposable-10-Pack-Kiwi Passion Fruit Guava-4%,Disposables,98.99,,goods,0,Kiwi Passion Fruit Guava,,4%,10
HLOR13SEO50KPFG,Lost Mary OS5000 4% Disposable-10-Pack-Kiwi Passion Fruit Guava-4%,Disposables,98.99,,goods,0,Kiwi Passion Fruit Guava,,4%,10
HLOR13SEO50KPFG,Lost Mary OS5000 4% Disposable-10-Pack-Kiwi Passion Fruit Guava-4%,Disposables,98.99,,goods,0,Kiwi Passion Fruit Guava,,4%,10
DLOMYP500543,Lost Mary OS5000 Rechargeable Disposable by Elf Bar 10 Pack-Rose Sour Plum Mint (Luster Edition),Disposables,99.95,76.0,goods,0,Rose Sour Plum Mint (Luster Edition),,50mg,10
DLOMYP500543,Lost Mary OS5000 Rechargeable Disposable by Elf Bar 10 Pack-Rose Sour Plum Mint (Luster Edition),Disposables,99.95,76.0,goods,0,Rose Sour Plum Mint (Luster Edition),,50mg,10
DLOMYP500543,Lost Mary OS5000 Rechargeable Disposable by Elf Bar 10 Pack-Rose Sour Plum Mint (Luster Edition),Disposables,99.95,76.0,goods,0,Rose Sour Plum Mint (Luster Edition),,50mg,10
DLMMOP500546,Lost Mary MO5000 5% Disposable 5-Pack-White Strawberry Ice (Black Gold Edition),Disposables,49.95,39.75,goods,5000,White Strawberry Ice (Black Gold Edition),,50mg,5
DLMMOP500546,Lost Mary MO5000 5% Disposable 5-Pack-White Strawberry Ice (Black Gold Edition),Disposables,49.95,39.75,goods,5000,White Strawberry Ice (Black Gold Edition),,50mg,5
DLMMOP500546,Lost Mary MO5000 5% Disposable 5-Pack-White Strawberry Ice (Black Gold Edition),Disposables,49.95,39.75,goods,5000,White Strawberry Ice (Black Gold Edition),,50mg,5
DLOMYP500555,Lost Mary OS5000 Rechargeable Disposable by Elf Bar 10 Pack-Lemon Lime,Disposables,99.95,81.0,goods,0,Lemon Lime,,50mg,10
DLOMYP500555,Lost Mary OS5000 Rechargeable Disposable by Elf Bar 10 Pack-Lemon Lime,Disposables,99.95,81.0,goods,0,Lemon Lime,,50mg,10
DLOMYP500555,Lost Mary OS5000 Rechargeable Disposable by Elf Bar 10 Pack-Lemon Lime,Disposables,99.95,81.0,goods,0,Lemon Lime,,50mg,10
DLMMTS500101,Lost Mary MT15000 Turbo Rechargeable Vape-Single Disposable-Berry Burst-5.0%-16mL,Disposables,10.99,7.5,goods,5000,Berry Burst,16mL,5.0%,1
DLMMTS500101,Lost Mary MT15000 Turbo Rechargeable Vape-Single Disposable-Berry Burst-5.0%-16mL,Disposables,10.99,7.5,goods,5000,Berry Burst,16mL,5.0%,1
DLMMTS500101,Lost Mary MT15000 Turbo Rechargeable Vape-Single Disposable-Berry Burst-5.0%-16mL,Disposables,10.99,7.5,goods,5000,Berry Burst,16mL,5.0%,1
DLMMTS500102,Lost Mary MT15000 Turbo Rechargeable Vape-Single Disposable-Cherry Strazz-5.0%-16mL,Disposables,10.99,7.35,goods,5000,Cherry Strazz,16mL,5.0%,1
DLMMTS500102,Lost Mary MT15000 Turbo Rechargeable Vape-Single Disposable-Cherry Strazz-5.0%-16mL,Disposables,10.99,7.35,goods,5000,Cherry Strazz,16mL,5.0%,1
DLMMTS500102,Lost Mary MT15000 Turbo Rechargeable Vape-Single Disposable-Cherry Strazz-5.0%-16mL,Disposables,10.99,7.35,goods,5000,Cherry Strazz,16mL,5.0%,1
DLMMTS500103,Lost Mary MT15000 Turbo Rechargeable Vape-Single Disposable-Citrus Sunrise-5.0%-16mL,Disposables,10.99,7.35,goods,5000,Citrus Sunrise,16mL,5.0%,1
DLMMTS500103,Lost Mary MT15000 Turbo Rechargeable Vape-Single Disposable-Citrus Sunrise-5.0%-16mL,Disposables,10.99,7.35,goods,5000,Citrus Sunrise,16mL,5.0%,1
DLMMTS500103,Lost Mary MT15000 Turbo Rechargeable Vape-Single Disposable-Citrus Sunrise-5.0%-16mL,Disposables,10.99,7.35,goods,5000,Citrus Sunrise,16mL,5.0%,1
DLMMTS500104,Lost Mary MT15000 Turbo Rechargeable Vape-Single Disposable-Miami Mint-5.0%-16mL,Disposables,10.99,7.35,goods,5000,Miami Mint,16mL,5.0%,1
DLMMTS500104,Lost Mary MT15000 Turbo Rechargeable Vape-Single Disposable-Miami Mint-5.0%-16mL,Disposables,10.99,7.35,goods,5000,Miami Mint,16mL,5.0%,1
DLMMTS500104,Lost Mary MT15000 Turbo Rechargeable Vape-Single Disposable-Miami Mint-5.0%-16mL,Disposables,10.99,7.35,goods,5000,Miami Mint,16mL,5.0%,1
DLMMTS500105,Lost Mary MT15000 Turbo Rechargeable Vape-Single Disposable-Strawberry Orange-5.0%-16mL,Disposables,10.99,7.35,goods,5000,Strawberry Orange,16mL,5.0%,1
DLMMTS500105,Lost Mary MT15000 Turbo Rechargeable Vape-Single Disposable-Strawberry Orange-5.0%-16mL,Disposables,10.99,7.35,goods,5000,Strawberry Orange,16mL,5.0%,1
DLMMTS500105,Lost Mary MT15000 Turbo Rechargeable Vape-Single Disposable-Strawberry Orange-5.0%-16mL,Disposables,10.99,7.35,goods,5000,Strawberry Orange,16mL,5.0%,1
DLMMTS500106,Lost Mary MT15000 Turbo Rechargeable Vape-Single Disposable-Summer Grape-5.0%-16mL,Disposables,10.99,7.35,goods,5000,Summer Grape,16mL,5.0%,1
DLMMTS500106,Lost Mary MT15000 Turbo Rechargeable Vape-Single Disposable-Summer Grape-5.0%-16mL,Disposables,10.99,7.35,goods,5000,Summer Grape,16mL,5.0%,1
DLMMTS500106,Lost Mary MT15000 Turbo Rechargeable Vape-Single Disposable-Summer Grape-5.0%-16mL,Disposables,10.99,7.35,goods,5000,Summer Grape,16mL,5.0%,1
HLY16MTD50BASH,Lost Mary MT15000 Turbo Rechargeable Vape-5-Pack-Baja Splash-5.0%-16mL,Disposables,58.0,,goods,5000,Baja Splash,16mL,5.0%,5
HLY16MTD50BASH,Lost Mary MT15000 Turbo Rechargeable Vape-5-Pack-Baja Splash-5.0%-16mL,Disposables,58.0,,goods,5000,Baja Splash,16mL,5.0%,5
HLY16MTD50BASH,Lost Mary MT15000 Turbo Rechargeable Vape-5-Pack-Baja Splash-5.0%-16mL,Disposables,58.0,,goods,5000,Baja Splash,16mL,5.0%,5
DLMMTS500113,Lost Mary MT15000 Turbo Rechargeable Vape-Single Disposable-Baja Splash-5.0%-16mL,Disposables,10.99,7.35,goods,5000,Baja Splash,16mL,5.0%,1
DLMMTS500113,Lost Mary MT15000 Turbo Rechargeable Vape-Single Disposable-Baja Splash-5.0%-16mL,Disposables,10.99,7.35,goods,5000,Baja Splash,16mL,5.0%,1
DLMMTS500113,Lost Mary MT15000 Turbo Rechargeable Vape-Single Disposable-Baja Splash-5.0%-16mL,Disposables,10.99,7.35,goods,5000,Baja Splash,16mL,5.0%,1
HLY16MTD50BRI,Lost Mary MT15000 Turbo Rechargeable Vape-5-Pack-Blue Razz Ice-5.0%-16mL,Disposables,58.0,,goods,5000,Blue Razz Ice,16mL,5.0%,5
HLY16MTD50BRI,Lost Mary MT15000 Turbo Rechargeable Vape-5-Pack-Blue Razz Ice-5.0%-16mL,Disposables,58.0,,goods,5000,Blue Razz Ice,16mL,5.0%,5
HLY16MTD50BRI,Lost Mary MT15000 Turbo Rechargeable Vape-5-Pack-Blue Razz Ice-5.0%-16mL,Disposables,58.0,,goods,5000,Blue Razz Ice,16mL,5.0%,5
DLMMTS500108,Lost Mary MT15000 Turbo Rechargeable Vape-Single Disposable-Blue Razz Ice-5.0%-16mL,Disposables,10.99,7.35,goods,5000,Blue Razz Ice,16mL,5.0%,1
DLMMTS500108,Lost Mary MT15000 Turbo Rechargeable Vape-Single Disposable-Blue Razz Ice-5.0%-16mL,Disposables,10.99,7.35,goods,5000,Blue Razz Ice,16mL,5.0%,1
DLMMTS500108,Lost Mary MT15000 Turbo Rechargeable Vape-Single Disposable-Blue Razz Ice-5.0%-16mL,Disposables,10.99,7.35,goods,5000,Blue Razz Ice,16mL,5.0%,1
HLY16MTD50DCY,Lost Mary MT15000 Turbo Rechargeable Vape-5-Pack-Dr. Cherry-5.0%-16mL,Disposables,58.0,,goods,5000,Dr. Cherry,16mL,5.0%,5
HLY16MTD50DCY,Lost Mary MT15000 Turbo Rechargeable Vape-5-Pack-Dr. Cherry-5.0%-16mL,Disposables,58.0,,goods,5000,Dr. Cherry,16mL,5.0%,5
HLY16MTD50DCY,Lost Mary MT15000 Turbo Rechargeable Vape-5-Pack-Dr. Cherry-5.0%-16mL,Disposables,58.0,,goods,5000,Dr. Cherry,16mL,5.0%,5
DLMMTS500114,Lost Mary MT15000 Turbo Rechargeable Vape-Single Disposable-Dr. Cherry-5.0%-16mL,Disposables,10.99,7.35,goods,5000,Dr. Cherry,16mL,5.0%,1
DLMMTS500114,Lost Mary MT15000 Turbo Rechargeable Vape-Single Disposable-Dr. Cherry-5.0%-16mL,Disposables,10.99,7.35,goods,5000,Dr. Cherry,16mL,5.0%,1
DLMMTS500114,Lost Mary MT15000 Turbo Rechargeable Vape-Single Disposable-Dr. Cherry-5.0%-16mL,Disposables,10.99,7.35,goods,5000,Dr. Cherry,16mL,5.0%,1
HLY16MTD50NACT,Lost Mary MT15000 Turbo Rechargeable Vape-5-Pack-Nana Coconut-5.0%-16mL,Disposables,58.0,,goods,5000,Nana Coconut,16mL,5.0%,5
HLY16MTD50NACT,Lost Mary MT15000 Turbo Rechargeable Vape-5-Pack-Nana Coconut-5.0%-16mL,Disposables,58.0,,goods,5000,Nana Coconut,16mL,5.0%,5
HLY16MTD50NACT,Lost Mary MT15000 Turbo Rechargeable Vape-5-Pack-Nana Coconut-5.0%-16mL,Disposables,58.0,,goods,5000,Nana Coconut,16mL,5.0%,5
DLMMTS500115,Lost Mary MT15000 Turbo Rechargeable Vape-Single Disposable-Nana Coconut-5.0%-16mL,Disposables,10.99,7.35,goods,5000,Nana Coconut,16mL,5.0%,1
DLMMTS500115,Lost Mary MT15000 Turbo Rechargeable Vape-Single Disposable-Nana Coconut-5.0%-16mL,Disposables,10.99,7.35,goods,5000,Nana Coconut,16mL,5.0%,1
DLMMTS500115,Lost Mary MT15000 Turbo Rechargeable Vape-Single Disposable-Nana Coconut-5.0%-16mL,Disposables,10.99,7.35,goods,5000,Nana Coconut,16mL,5.0%,1
HLY16MTD50SYKI,Lost Mary MT15000 Turbo Rechargeable Vape-5-Pack-Strawberry Kiwi-5.0%-16mL,Disposables,58.0,,goods,5000,Strawberry Kiwi,16mL,5.0%,5
HLY16MTD50SYKI,Lost Mary MT15000 Turbo Rechargeable Vape-5-Pack-Strawberry Kiwi-5.0%-16mL,Disposables,58.0,,goods,5000,Strawberry Kiwi,16mL,5.0%,5
HLY16MTD50SYKI,Lost Mary MT15000 Turbo Rechargeable Vape-5-Pack-Strawberry Kiwi-5.0%-16mL,Disposables,58.0,,goods,5000,Strawberry Kiwi,16mL,5.0%,5
DLMMTS500109,Lost Mary MT15000 Turbo Rechargeable Vape-Single Disposable-Strawberry Kiwi-5.0%-16mL,Disposables,10.99,7.35,goods,5000,Strawberry Kiwi,16mL,5.0%,1
DLMMTS500109,Lost Mary MT15000 Turbo Rechargeable Vape-Single Disposable-Strawberry Kiwi-5.0%-16mL,Disposables,10.99,7.35,goods,5000,Strawberry Kiwi,16mL,5.0%,1
DLMMTS500109,Lost Mary MT15000 Turbo Rechargeable Vape-Single Disposable-Strawberry Kiwi-5.0%-16mL,Disposables,10.99,7.35,goods,5000,Strawberry Kiwi,16mL,5.0%,1
HLY16MTD50SNPH,Lost Mary MT15000 Turbo Rechargeable Vape-5-Pack-Strawmelon Peach-5.0%-16mL,Disposables,58.0,,goods,5000,Strawmelon Peach,16mL,5.0%,5
HLY16MTD50SNPH,Lost Mary MT15000 Turbo Rechargeable Vape-5-Pack-Strawmelon Peach-5.0%-16mL,Disposables,58.0,,goods,5000,Strawmelon Peach,16mL,5.0%,5
HLY16MTD50SNPH,Lost Mary MT15000 Turbo Rechargeable Vape-5-Pack-Strawmelon Peach-5.0%-16mL,Disposables,58.0,,goods,5000,Strawmelon Peach,16mL,5.0%,5
DLMMTS500110,Lost Mary MT15000 Turbo Rechargeable Vape-Single Disposable-Strawmelon Peach-5.0%-16mL,Disposables,10.99,7.35,goods,5000,Strawmelon Peach,16mL,5.0%,1
DLMMTS500110,Lost Mary MT15000 Turbo Rechargeable Vape-Single Disposable-Strawmelon Peach-5.0%-16mL,Disposables,10.99,7.35,goods,5000,Strawmelon Peach,16mL,5.0%,1
DLMMTS500110,Lost Mary MT15000 Turbo Rechargeable Vape-Single Disposable-Strawmelon Peach-5.0%-16mL,Disposables,10.99,7.35,goods,5000,Strawmelon Peach,16mL,5.0%,1
HLY16MTD50WNIE,Lost Mary MT15000 Turbo Rechargeable Vape-5-Pack-Watermelon Ice-5.0%-16mL,Disposables,58.0,,goods,5000,Watermelon Ice,16mL,5.0%,5
HLY16MTD50WNIE,Lost Mary MT15000 Turbo Rechargeable Vape-5-Pack-Watermelon Ice-5.0%-16mL,Disposables,58.0,,goods,5000,Watermelon Ice,16mL,5.0%,5
HLY16MTD50WNIE,Lost Mary MT15000 Turbo Rechargeable Vape-5-Pack-Watermelon Ice-5.0%-16mL,Disposables,58.0,,goods,5000,Watermelon Ice,16mL,5.0%,5
DLMMTS500111,Lost Mary MT15000 Turbo Rechargeable Vape-Single Disposable-Watermelon Ice-5.0%-16mL,Disposables,10.99,7.35,goods,5000,Watermelon Ice,16mL,5.0%,1
DLMMTS500111,Lost Mary MT15000 Turbo Rechargeable Vape-Single Disposable-Watermelon Ice-5.0%-16mL,Disposables,10.99,7.35,goods,5000,Watermelon Ice,16mL,5.0%,1
DLMMTS500111,Lost Mary MT15000 Turbo Rechargeable Vape-Single Disposable-Watermelon Ice-5.0%-16mL,Disposables,10.99,7.35,goods,5000,Watermelon Ice,16mL,5.0%,1
HLY16MTD50WRMT,Lost Mary MT15000 Turbo Rechargeable Vape-5-Pack-Winter Mint-5.0%-16mL,Disposables,58.0,,goods,5000,Winter Mint,16mL,5.0%,5
HLY16MTD50WRMT,Lost Mary MT15000 Turbo Rechargeable Vape-5-Pack-Winter Mint-5.0%-16mL,Disposables,58.0,,goods,5000,Winter Mint,16mL,5.0%,5
HLY16MTD50WRMT,Lost Mary MT15000 Turbo Rechargeable Vape-5-Pack-Winter Mint-5.0%-16mL,Disposables,58.0,,goods,5000,Winter Mint,16mL,5.0%,5
DLMMTS500112,Lost Mary MT15000 Turbo Rechargeable Vape-Single Disposable-Winter Mint-5.0%-16mL,Disposables,10.99,7.35,goods,5000,Winter Mint,16mL,5.0%,1
DLMMTS500112,Lost Mary MT15000 Turbo Rechargeable Vape-Single Disposable-Winter Mint-5.0%-16mL,Disposables,10.99,7.35,goods,5000,Winter Mint,16mL,5.0%,1
DLMMTS500112,Lost Mary MT15000 Turbo Rechargeable Vape-Single Disposable-Winter Mint-5.0%-16mL,Disposables,10.99,7.35,goods,5000,Winter Mint,16mL,5.0%,1
DLMMTS500107,Lost Mary MT15000 Turbo Rechargeable Vape-Single Disposable-Banana Cake-5.0%-16mL,Disposables,10.99,7.35,goods,5000,Banana Cake,16mL,5.0%,1
DLMMTS500107,Lost Mary MT15000 Turbo Rechargeable Vape-Single Disposable-Banana Cake-5.0%-16mL,Disposables,10.99,7.35,goods,5000,Banana Cake,16mL,5.0%,1
DLMMTS500107,Lost Mary MT15000 Turbo Rechargeable Vape-Single Disposable-Banana Cake-5.0%-16mL,Disposables,10.99,7.35,goods,5000,Banana Cake,16mL,5.0%,1
HLY16MTD50BACE,Lost Mary MT15000 Turbo Rechargeable Vape-5-Pack-Banana Cake-5.0%-16mL,Disposables,58.0,,goods,5000,Banana Cake,16mL,5.0%,5
HLY16MTD50BACE,Lost Mary MT15000 Turbo Rechargeable Vape-5-Pack-Banana Cake-5.0%-16mL,Disposables,58.0,,goods,5000,Banana Cake,16mL,5.0%,5
HLY16MTD50BACE,Lost Mary MT15000 Turbo Rechargeable Vape-5-Pack-Banana Cake-5.0%-16mL,Disposables,58.0,,goods,5000,Banana Cake,16mL,5.0%,5
DLMMO500201,Lost Mary MO20000 PRO Rechargeable Vape-Blue Baja Splash-Single Disposable-5.0%-18mL,Disposables,11.5,7.85,goods,5000,Blue Baja Splash,18mL,5.0%,1
DLMMO500201,Lost Mary MO20000 PRO Rechargeable Vape-Blue Baja Splash-Single Disposable-5.0%-18mL,Disposables,11.5,7.85,goods,5000,Blue Baja Splash,18mL,5.0%,1
DLMMO500201,Lost Mary MO20000 PRO Rechargeable Vape-Blue Baja Splash-Single Disposable-5.0%-18mL,Disposables,11.5,7.85,goods,5000,Blue Baja Splash,18mL,5.0%,1
HLY18MPD50BBS,Lost Mary MO20000 PRO Rechargeable Vape-Blue Baja Splash-5-Pack-5.0%-18mL,Disposables,65.0,,goods,5000,Blue Baja Splash,18mL,5.0%,5
HLY18MPD50BBS,Lost Mary MO20000 PRO Rechargeable Vape-Blue Baja Splash-5-Pack-5.0%-18mL,Disposables,65.0,,goods,5000,Blue Baja Splash,18mL,5.0%,5
HLY18MPD50BBS,Lost Mary MO20000 PRO Rechargeable Vape-Blue Baja Splash-5-Pack-5.0%-18mL,Disposables,65.0,,goods,5000,Blue Baja Splash,18mL,5.0%,5
DLMMO500202,Lost Mary MO20000 PRO Rechargeable Vape-Tropical Punch-Single Disposable-5.0%-18mL,Disposables,11.5,7.85,goods,5000,Tropical Punch,18mL,5.0%,1
DLMMO500202,Lost Mary MO20000 PRO Rechargeable Vape-Tropical Punch-Single Disposable-5.0%-18mL,Disposables,11.5,7.85,goods,5000,Tropical Punch,18mL,5.0%,1
DLMMO500202,Lost Mary MO20000 PRO Rechargeable Vape-Tropical Punch-Single Disposable-5.0%-18mL,Disposables,11.5,7.85,goods,5000,Tropical Punch,18mL,5.0%,1
HLY18MPD50TLPH,Lost Mary MO20000 PRO Rechargeable Vape-Tropical Punch-5-Pack-5.0%-18mL,Disposables,65.0,,goods,5000,Tropical Punch,18mL,5.0%,5
HLY18MPD50TLPH,Lost Mary MO20000 PRO Rechargeable Vape-Tropical Punch-5-Pack-5.0%-18mL,Disposables,65.0,,goods,5000,Tropical Punch,18mL,5.0%,5
HLY18MPD50TLPH,Lost Mary MO20000 PRO Rechargeable Vape-Tropical Punch-5-Pack-5.0%-18mL,Disposables,65.0,,goods,5000,Tropical Punch,18mL,5.0%,5
DLMMO500203,Lost Mary MO20000 PRO Rechargeable Vape-Peach+-Single Disposable-5.0%-18mL,Disposables,11.5,7.85,goods,5000,Peach+,18mL,5.0%,1
DLMMO500203,Lost Mary MO20000 PRO Rechargeable Vape-Peach+-Single Disposable-5.0%-18mL,Disposables,11.5,7.85,goods,5000,Peach+,18mL,5.0%,1
DLMMO500203,Lost Mary MO20000 PRO Rechargeable Vape-Peach+-Single Disposable-5.0%-18mL,Disposables,11.5,7.85,goods,5000,Peach+,18mL,5.0%,1
HLY18MPD50PH,Lost Mary MO20000 PRO Rechargeable Vape-Peach+-5-Pack-5.0%-18mL,Disposables,65.0,,goods,5000,Peach+,18mL,5.0%,5
HLY18MPD50PH,Lost Mary MO20000 PRO Rechargeable Vape-Peach+-5-Pack-5.0%-18mL,Disposables,65.0,,goods,5000,Peach+,18mL,5.0%,5
HLY18MPD50PH,Lost Mary MO20000 PRO Rechargeable Vape-Peach+-5-Pack-5.0%-18mL,Disposables,65.0,,goods,5000,Peach+,18mL,5.0%,5
DLMMO500204,Lost Mary MO20000 PRO Rechargeable Vape-Pineapple Ice-Single Disposable-5.0%-18mL,Disposables,11.5,7.85,goods,5000,Pineapple Ice,18mL,5.0%,1
DLMMO500204,Lost Mary MO20000 PRO Rechargeable Vape-Pineapple Ice-Single Disposable-5.0%-18mL,Disposables,11.5,7.85,goods,5000,Pineapple Ice,18mL,5.0%,1
DLMMO500204,Lost Mary MO20000 PRO Rechargeable Vape-Pineapple Ice-Single Disposable-5.0%-18mL,Disposables,11.5,7.85,goods,5000,Pineapple Ice,18mL,5.0%,1
HLY18MPD50PEIE,Lost Mary MO20000 PRO Rechargeable Vape-Pineapple Ice-5-Pack-5.0%-18mL,Disposables,65.0,,goods,5000,Pineapple Ice,18mL,5.0%,5
HLY18MPD50PEIE,Lost Mary MO20000 PRO Rechargeable Vape-Pineapple Ice-5-Pack-5.0%-18mL,Disposables,65.0,,goods,5000,Pineapple Ice,18mL,5.0%,5
HLY18MPD50PEIE,Lost Mary MO20000 PRO Rechargeable Vape-Pineapple Ice-5-Pack-5.0%-18mL,Disposables,65.0,,goods,5000,Pineapple Ice,18mL,5.0%,5
DLMMO500205,Lost Mary MO20000 PRO Rechargeable Vape-Blue Razz Ice-Single Disposable-5.0%-18mL,Disposables,11.5,7.85,goods,5000,Blue Razz Ice,18mL,5.0%,1
DLMMO500205,Lost Mary MO20000 PRO Rechargeable Vape-Blue Razz Ice-Single Disposable-5.0%-18mL,Disposables,11.5,7.85,goods,5000,Blue Razz Ice,18mL,5.0%,1
DLMMO500205,Lost Mary MO20000 PRO Rechargeable Vape-Blue Razz Ice-Single Disposable-5.0%-18mL,Disposables,11.5,7.85,goods,5000,Blue Razz Ice,18mL,5.0%,1
HLY18MPD50BRI,Lost Mary MO20000 PRO Rechargeable Vape-Blue Razz Ice-5-Pack-5.0%-18mL,Disposables,65.0,,goods,5000,Blue Razz Ice,18mL,5.0%,5
HLY18MPD50BRI,Lost Mary MO20000 PRO Rechargeable Vape-Blue Razz Ice-5-Pack-5.0%-18mL,Disposables,65.0,,goods,5000,Blue Razz Ice,18mL,5.0%,5
HLY18MPD50BRI,Lost Mary MO20000 PRO Rechargeable Vape-Blue Razz Ice-5-Pack-5.0%-18mL,Disposables,65.0,,goods,5000,Blue Razz Ice,18mL,5.0%,5
DLMMO500206,Lost Mary MO20000 PRO Rechargeable Vape-Lime Grapefruit-Single Disposable-5.0%-18mL,Disposables,11.5,7.85,goods,5000,Lime Grapefruit,18mL,5.0%,1
DLMMO500206,Lost Mary MO20000 PRO Rechargeable Vape-Lime Grapefruit-Single Disposable-5.0%-18mL,Disposables,11.5,7.85,goods,5000,Lime Grapefruit,18mL,5.0%,1
DLMMO500206,Lost Mary MO20000 PRO Rechargeable Vape-Lime Grapefruit-Single Disposable-5.0%-18mL,Disposables,11.5,7.85,goods,5000,Lime Grapefruit,18mL,5.0%,1
HLY18MPD50LEGT,Lost Mary MO20000 PRO Rechargeable Vape-Lime Grapefruit-5-Pack-5.0%-18mL,Disposables,65.0,,goods,5000,Lime Grapefruit,18mL,5.0%,5
HLY18MPD50LEGT,Lost Mary MO20000 PRO Rechargeable Vape-Lime Grapefruit-5-Pack-5.0%-18mL,Disposables,65.0,,goods,5000,Lime Grapefruit,18mL,5.0%,5
HLY18MPD50LEGT,Lost Mary MO20000 PRO Rechargeable Vape-Lime Grapefruit-5-Pack-5.0%-18mL,Disposables,65.0,,goods,5000,Lime Grapefruit,18mL,5.0%,5
DLMMO500207,Lost Mary MO20000 PRO Rechargeable Vape-Dragon Drink-Single Disposable-5.0%-18mL,Disposables,11.5,7.85,goods,5000,Dragon Drink,18mL,5.0%,1
DLMMO500207,Lost Mary MO20000 PRO Rechargeable Vape-Dragon Drink-Single Disposable-5.0%-18mL,Disposables,11.5,7.85,goods,5000,Dragon Drink,18mL,5.0%,1
DLMMO500207,Lost Mary MO20000 PRO Rechargeable Vape-Dragon Drink-Single Disposable-5.0%-18mL,Disposables,11.5,7.85,goods,5000,Dragon Drink,18mL,5.0%,1
HLY18MPD50DNDK,Lost Mary MO20000 PRO Rechargeable Vape-Dragon Drink-5-Pack-5.0%-18mL,Disposables,65.0,,goods,5000,Dragon Drink,18mL,5.0%,5
HLY18MPD50DNDK,Lost Mary MO20000 PRO Rechargeable Vape-Dragon Drink-5-Pack-5.0%-18mL,Disposables,65.0,,goods,5000,Dragon Drink,18mL,5.0%,5
HLY18MPD50DNDK,Lost Mary MO20000 PRO Rechargeable Vape-Dragon Drink-5-Pack-5.0%-18mL,Disposables,65.0,,goods,5000,Dragon Drink,18mL,5.0%,5
DLMMO500208,Lost Mary MO20000 PRO Rechargeable Vape-Rainbow Sherbet-Single Disposable-5.0%-18mL,Disposables,11.5,7.85,goods,5000,Rainbow Sherbet,18mL,5.0%,1
DLMMO500208,Lost Mary MO20000 PRO Rechargeable Vape-Rainbow Sherbet-Single Disposable-5.0%-18mL,Disposables,11.5,7.85,goods,5000,Rainbow Sherbet,18mL,5.0%,1
DLMMO500208,Lost Mary MO20000 PRO Rechargeable Vape-Rainbow Sherbet-Single Disposable-5.0%-18mL,Disposables,11.5,7.85,goods,5000,Rainbow Sherbet,18mL,5.0%,1
HLY18MPD50RWST,Lost Mary MO20000 PRO Rechargeable Vape-Rainbow Sherbet-5-Pack-5.0%-18mL,Disposables,65.0,,goods,5000,Rainbow Sherbet,18mL,5.0%,5
HLY18MPD50RWST,Lost Mary MO20000 PRO Rechargeable Vape-Rainbow Sherbet-5-Pack-5.0%-18mL,Disposables,65.0,,goods,5000,Rainbow Sherbet,18mL,5.0%,5
HLY18MPD50RWST,Lost Mary MO20000 PRO Rechargeable Vape-Rainbow Sherbet-5-Pack-5.0%-18mL,Disposables,65.0,,goods,5000,Rainbow Sherbet,18mL,5.0%,5
DLMMO500209,Lost Mary MO20000 PRO Rechargeable Vape-Rocket Popsicle-Single Disposable-5.0%-18mL,Disposables,11.5,7.85,goods,5000,Rocket Popsicle,18mL,5.0%,1
DLMMO500209,Lost Mary MO20000 PRO Rechargeable Vape-Rocket Popsicle-Single Disposable-5.0%-18mL,Disposables,11.5,7.85,goods,5000,Rocket Popsicle,18mL,5.0%,1
DLMMO500209,Lost Mary MO20000 PRO Rechargeable Vape-Rocket Popsicle-Single Disposable-5.0%-18mL,Disposables,11.5,7.85,goods,5000,Rocket Popsicle,18mL,5.0%,1
HLY18MPD50RTPE,Lost Mary MO20000 PRO Rechargeable Vape-Rocket Popsicle-5-Pack-5.0%-18mL,Disposables,65.0,,goods,5000,Rocket Popsicle,18mL,5.0%,5
HLY18MPD50RTPE,Lost Mary MO20000 PRO Rechargeable Vape-Rocket Popsicle-5-Pack-5.0%-18mL,Disposables,65.0,,goods,5000,Rocket Popsicle,18mL,5.0%,5
HLY18MPD50RTPE,Lost Mary MO20000 PRO Rechargeable Vape-Rocket Popsicle-5-Pack-5.0%-18mL,Disposables,65.0,,goods,5000,Rocket Popsicle,18mL,5.0%,5
DLMMO500210,Lost Mary MO20000 PRO Rechargeable Vape-Watermelon Ice-Single Disposable-5.0%-18mL,Disposables,11.5,7.85,goods,5000,Watermelon Ice,18mL,5.0%,1
DLMMO500210,Lost Mary MO20000 PRO Rechargeable Vape-Watermelon Ice-Single Disposable-5.0%-18mL,Disposables,11.5,7.85,goods,5000,Watermelon Ice,18mL,5.0%,1
DLMMO500210,Lost Mary MO20000 PRO Rechargeable Vape-Watermelon Ice-Single Disposable-5.0%-18mL,Disposables,11.5,7.85,goods,5000,Watermelon Ice,18mL,5.0%,1
HLY18MPD50WNIE,Lost Mary MO20000 PRO Rechargeable Vape-Watermelon Ice-5-Pack-5.0%-18mL,Disposables,65.0,,goods,5000,Watermelon Ice,18mL,5.0%,5
HLY18MPD50WNIE,Lost Mary MO20000 PRO Rechargeable Vape-Watermelon Ice-5-Pack-5.0%-18mL,Disposables,65.0,,goods,5000,Watermelon Ice,18mL,5.0%,5
HLY18MPD50WNIE,Lost Mary MO20000 PRO Rechargeable Vape-Watermelon Ice-5-Pack-5.0%-18mL,Disposables,65.0,,goods,5000,Watermelon Ice,18mL,5.0%,5
DLMMO500211,Lost Mary MO20000 PRO Rechargeable Vape-Mango Twist-Single Disposable-5.0%-18mL,Disposables,11.5,7.85,goods,5000,Mango Twist,18mL,5.0%,1
DLMMO500211,Lost Mary MO20000 PRO Rechargeable Vape-Mango Twist-Single Disposable-5.0%-18mL,Disposables,11.5,7.85,goods,5000,Mango Twist,18mL,5.0%,1
DLMMO500211,Lost Mary MO20000 PRO Rechargeable Vape-Mango Twist-Single Disposable-5.0%-18mL,Disposables,11.5,7.85,goods,5000,Mango Twist,18mL,5.0%,1
HLY18MPD50MOTT,Lost Mary MO20000 PRO Rechargeable Vape-Mango Twist-5-Pack-5.0%-18mL,Disposables,65.0,,goods,5000,Mango Twist,18mL,5.0%,5
HLY18MPD50MOTT,Lost Mary MO20000 PRO Rechargeable Vape-Mango Twist-5-Pack-5.0%-18mL,Disposables,65.0,,goods,5000,Mango Twist,18mL,5.0%,5
HLY18MPD50MOTT,Lost Mary MO20000 PRO Rechargeable Vape-Mango Twist-5-Pack-5.0%-18mL,Disposables,65.0,,goods,5000,Mango Twist,18mL,5.0%,5
DLMMO500212,Lost Mary MO20000 PRO Rechargeable Vape-Miami Mint-Single Disposable-5.0%-18mL,Disposables,11.5,7.85,goods,5000,Miami Mint,18mL,5.0%,1
DLMMO500212,Lost Mary MO20000 PRO Rechargeable Vape-Miami Mint-Single Disposable-5.0%-18mL,Disposables,11.5,7.85,goods,5000,Miami Mint,18mL,5.0%,1
DLMMO500212,Lost Mary MO20000 PRO Rechargeable Vape-Miami Mint-Single Disposable-5.0%-18mL,Disposables,11.5,7.85,goods,5000,Miami Mint,18mL,5.0%,1
HLY18MPD50MIMT,Lost Mary MO20000 PRO Rechargeable Vape-Miami Mint-5-Pack-5.0%-18mL,Disposables,65.0,,goods,5000,Miami Mint,18mL,5.0%,5
HLY18MPD50MIMT,Lost Mary MO20000 PRO Rechargeable Vape-Miami Mint-5-Pack-5.0%-18mL,Disposables,65.0,,goods,5000,Miami Mint,18mL,5.0%,5
HLY18MPD50MIMT,Lost Mary MO20000 PRO Rechargeable Vape-Miami Mint-5-Pack-5.0%-18mL,Disposables,65.0,,goods,5000,Miami Mint,18mL,5.0%,5
DLMMO500213,Lost Mary MO20000 PRO Rechargeable Vape-Sour Apple Ice-Single Disposable-5.0%-18mL,Disposables,11.5,7.85,goods,5000,Sour Apple Ice,18mL,5.0%,1
DLMMO500213,Lost Mary MO20000 PRO Rechargeable Vape-Sour Apple Ice-Single Disposable-5.0%-18mL,Disposables,11.5,7.85,goods,5000,Sour Apple Ice,18mL,5.0%,1
DLMMO500213,Lost Mary MO20000 PRO Rechargeable Vape-Sour Apple Ice-Single Disposable-5.0%-18mL,Disposables,11.5,7.85,goods,5000,Sour Apple Ice,18mL,5.0%,1
HLY18MPD50SAI,Lost Mary MO20000 PRO Rechargeable Vape-Sour Apple Ice-5-Pack-5.0%-18mL,Disposables,65.0,,goods,5000,Sour Apple Ice,18mL,5.0%,5
HLY18MPD50SAI,Lost Mary MO20000 PRO Rechargeable Vape-Sour Apple Ice-5-Pack-5.0%-18mL,Disposables,65.0,,goods,5000,Sour Apple Ice,18mL,5.0%,5
HLY18MPD50SAI,Lost Mary MO20000 PRO Rechargeable Vape-Sour Apple Ice-5-Pack-5.0%-18mL,Disposables,65.0,,goods,5000,Sour Apple Ice,18mL,5.0%,5
DLMMO500214,Lost Mary MO20000 PRO Rechargeable Vape-Strawberry Ice-Single Disposable-5.0%-18mL,Disposables,11.5,7.85,goods,5000,Strawberry Ice,18mL,5.0%,1
DLMMO500214,Lost Mary MO20000 PRO Rechargeable Vape-Strawberry Ice-Single Disposable-5.0%-18mL,Disposables,11.5,7.85,goods,5000,Strawberry Ice,18mL,5.0%,1
DLMMO500214,Lost Mary MO20000 PRO Rechargeable Vape-Strawberry Ice-Single Disposable-5.0%-18mL,Disposables,11.5,7.85,goods,5000,Strawberry Ice,18mL,5.0%,1
HLY18MPD50SYIE,Lost Mary MO20000 PRO Rechargeable Vape-Strawberry Ice-5-Pack-5.0%-18mL,Disposables,65.0,,goods,5000,Strawberry Ice,18mL,5.0%,5
HLY18MPD50SYIE,Lost Mary MO20000 PRO Rechargeable Vape-Strawberry Ice-5-Pack-5.0%-18mL,Disposables,65.0,,goods,5000,Strawberry Ice,18mL,5.0%,5
HLY18MPD50SYIE,Lost Mary MO20000 PRO Rechargeable Vape-Strawberry Ice-5-Pack-5.0%-18mL,Disposables,65.0,,goods,5000,Strawberry Ice,18mL,5.0%,5
DLMMO500215,Lost Mary MO20000 PRO Rechargeable Vape-Watermelon Sour Peach-Single Disposable-5.0%-18mL,Disposables,11.5,7.85,goods,5000,Watermelon Sour Peach,18mL,5.0%,1
DLMMO500215,Lost Mary MO20000 PRO Rechargeable Vape-Watermelon Sour Peach-Single Disposable-5.0%-18mL,Disposables,11.5,7.85,goods,5000,Watermelon Sour Peach,18mL,5.0%,1
DLMMO500215,Lost Mary MO20000 PRO Rechargeable Vape-Watermelon Sour Peach-Single Disposable-5.0%-18mL,Disposables,11.5,7.85,goods,5000,Watermelon Sour Peach,18mL,5.0%,1
HLY18MPD50WSP,Lost Mary MO20000 PRO Rechargeable Vape-Watermelon Sour Peach-5-Pack-5.0%-18mL,Disposables,65.0,,goods,5000,Watermelon Sour Peach,18mL,5.0%,5
HLY18MPD50WSP,Lost Mary MO20000 PRO Rechargeable Vape-Watermelon Sour Peach-5-Pack-5.0%-18mL,Disposables,65.0,,goods,5000,Watermelon Sour Peach,18mL,5.0%,5
HLY18MPD50WSP,Lost Mary MO20000 PRO Rechargeable Vape-Watermelon Sour Peach-5-Pack-5.0%-18mL,Disposables,65.0,,goods,5000,Watermelon Sour Peach,18mL,5.0%,5
DLMMTS500116,Lost Mary MT15000 Turbo Rechargeable Vape-Single Disposable-Blue Razz Dragonfruit-5.0%-16mL,Disposables,10.99,7.35,goods,5000,Blue Razz Dragonfruit,16mL,5.0%,1
DLMMTS500116,Lost Mary MT15000 Turbo Rechargeable Vape-Single Disposable-Blue Razz Dragonfruit-5.0%-16mL,Disposables,10.99,7.35,goods,5000,Blue Razz Dragonfruit,16mL,5.0%,1
DLMMTS500116,Lost Mary MT15000 Turbo Rechargeable Vape-Single Disposable-Blue Razz Dragonfruit-5.0%-16mL,Disposables,10.99,7.35,goods,5000,Blue Razz Dragonfruit,16mL,5.0%,1
HLY16MTD50BRD,Lost Mary MT15000 Turbo Rechargeable Vape-5-Pack-Blue Razz Dragonfruit-5.0%-16mL,Disposables,58.0,,goods,5000,Blue Razz Dragonfruit,16mL,5.0%,5
HLY16MTD50BRD,Lost Mary MT15000 Turbo Rechargeable Vape-5-Pack-Blue Razz Dragonfruit-5.0%-16mL,Disposables,58.0,,goods,5000,Blue Razz Dragonfruit,16mL,5.0%,5
HLY16MTD50BRD,Lost Mary MT15000 Turbo Rechargeable Vape-5-Pack-Blue Razz Dragonfruit-5.0%-16mL,Disposables,58.0,,goods,5000,Blue Razz Dragonfruit,16mL,5.0%,5
DLMMTS500117,Lost Mary MT15000 Turbo Rechargeable Vape-Single Disposable-Grape Apple-5.0%-16mL,Disposables,10.99,7.35,goods,5000,Grape Apple,16mL,5.0%,1
DLMMTS500117,Lost Mary MT15000 Turbo Rechargeable Vape-Single Disposable-Grape Apple-5.0%-16mL,Disposables,10.99,7.35,goods,5000,Grape Apple,16mL,5.0%,1
DLMMTS500117,Lost Mary MT15000 Turbo Rechargeable Vape-Single Disposable-Grape Apple-5.0%-16mL,Disposables,10.99,7.35,goods,5000,Grape Apple,16mL,5.0%,1
HLY16MTD50GEAE,Lost Mary MT15000 Turbo Rechargeable Vape-5-Pack-Grape Apple-5.0%-16mL,Disposables,58.0,,goods,5000,Grape Apple,16mL,5.0%,5
HLY16MTD50GEAE,Lost Mary MT15000 Turbo Rechargeable Vape-5-Pack-Grape Apple-5.0%-16mL,Disposables,58.0,,goods,5000,Grape Apple,16mL,5.0%,5
HLY16MTD50GEAE,Lost Mary MT15000 Turbo Rechargeable Vape-5-Pack-Grape Apple-5.0%-16mL,Disposables,58.0,,goods,5000,Grape Apple,16mL,5.0%,5
DLMMTS500118,Lost Mary MT15000 Turbo Rechargeable Vape-Single Disposable-Grapefruit Berries-5.0%-16mL,Disposables,10.99,7.35,goods,5000,Grapefruit Berries,16mL,5.0%,1
DLMMTS500118,Lost Mary MT15000 Turbo Rechargeable Vape-Single Disposable-Grapefruit Berries-5.0%-16mL,Disposables,10.99,7.35,goods,5000,Grapefruit Berries,16mL,5.0%,1
DLMMTS500118,Lost Mary MT15000 Turbo Rechargeable Vape-Single Disposable-Grapefruit Berries-5.0%-16mL,Disposables,10.99,7.35,goods,5000,Grapefruit Berries,16mL,5.0%,1
HLY16MTD50GTBS,Lost Mary MT15000 Turbo Rechargeable Vape-5-Pack-Grapefruit Berries-5.0%-16mL,Disposables,58.0,,goods,5000,Grapefruit Berries,16mL,5.0%,5
HLY16MTD50GTBS,Lost Mary MT15000 Turbo Rechargeable Vape-5-Pack-Grapefruit Berries-5.0%-16mL,Disposables,58.0,,goods,5000,Grapefruit Berries,16mL,5.0%,5
HLY16MTD50GTBS,Lost Mary MT15000 Turbo Rechargeable Vape-5-Pack-Grapefruit Berries-5.0%-16mL,Disposables,58.0,,goods,5000,Grapefruit Berries,16mL,5.0%,5
DLMMTS500119,Lost Mary MT15000 Turbo Rechargeable Vape-Single Disposable-Peach+-5.0%-16mL,Disposables,10.99,7.35,goods,5000,Peach+,16mL,5.0%,1
DLMMTS500119,Lost Mary MT15000 Turbo Rechargeable Vape-Single Disposable-Peach+-5.0%-16mL,Disposables,10.99,7.35,goods,5000,Peach+,16mL,5.0%,1
DLMMTS500119,Lost Mary MT15000 Turbo Rechargeable Vape-Single Disposable-Peach+-5.0%-16mL,Disposables,10.99,7.35,goods,5000,Peach+,16mL,5.0%,1
HLY16MTD50P,Lost Mary MT15000 Turbo Rechargeable Vape-5-Pack-Peach+-5.0%-16mL,Disposables,58.0,,goods,5000,Peach+,16mL,5.0%,5
HLY16MTD50P,Lost Mary MT15000 Turbo Rechargeable Vape-5-Pack-Peach+-5.0%-16mL,Disposables,58.0,,goods,5000,Peach+,16mL,5.0%,5
HLY16MTD50P,Lost Mary MT15000 Turbo Rechargeable Vape-5-Pack-Peach+-5.0%-16mL,Disposables,58.0,,goods,5000,Peach+,16mL,5.0%,5
DLMMTS500120,Lost Mary MT15000 Turbo Rechargeable Vape-Single Disposable-Rocket Popsicle-5.0%-16mL,Disposables,10.99,7.35,goods,5000,Rocket Popsicle,16mL,5.0%,1
DLMMTS500120,Lost Mary MT15000 Turbo Rechargeable Vape-Single Disposable-Rocket Popsicle-5.0%-16mL,Disposables,10.99,7.35,goods,5000,Rocket Popsicle,16mL,5.0%,1
DLMMTS500120,Lost Mary MT15000 Turbo Rechargeable Vape-Single Disposable-Rocket Popsicle-5.0%-16mL,Disposables,10.99,7.35,goods,5000,Rocket Popsicle,16mL,5.0%,1
HLY16MTD50RTPE,Lost Mary MT15000 Turbo Rechargeable Vape-5-Pack-Rocket Popsicle-5.0%-16mL,Disposables,58.0,,goods,5000,Rocket Popsicle,16mL,5.0%,5
HLY16MTD50RTPE,Lost Mary MT15000 Turbo Rechargeable Vape-5-Pack-Rocket Popsicle-5.0%-16mL,Disposables,58.0,,goods,5000,Rocket Popsicle,16mL,5.0%,5
HLY16MTD50RTPE,Lost Mary MT15000 Turbo Rechargeable Vape-5-Pack-Rocket Popsicle-5.0%-16mL,Disposables,58.0,,goods,5000,Rocket Popsicle,16mL,5.0%,5
HLY18MPSLED50OP,Lost Mary MO20000 PRO Space Edition-Pack of 5-Orange Pomegranate Cranberry-50mg,Disposables,65.25,,goods,0,Orange Pomegranate Cranberry,,50mg,5
HLY18MPSLED50OP,Lost Mary MO20000 PRO Space Edition-Pack of 5-Orange Pomegranate Cranberry-50mg,Disposables,65.25,,goods,0,Orange Pomegranate Cranberry,,50mg,5
DLMMO500216,Lost Mary MO20000 PRO Space Edition-Single Disposable-Orange Pomegranate Cranberry-50mg,Disposables,11.5,7.35,goods,20000,Orange Pomegranate Cranberry,,50mg,1
DLMMO500216,Lost Mary MO20000 PRO Space Edition-Single Disposable-Orange Pomegranate Cranberry-50mg,Disposables,11.5,7.35,goods,20000,Orange Pomegranate Cranberry,,50mg,1
DLMMO500216,Lost Mary MO20000 PRO Space Edition-Single Disposable-Orange Pomegranate Cranberry-50mg,Disposables,11.5,7.35,goods,20000,Orange Pomegranate Cranberry,,50mg,1
HLY18MPSLED50PT,Lost Mary MO20000 PRO Space Edition-Pack of 5-Peppermint-50mg,Disposables,65.25,,goods,0,Peppermint,,50mg,5
HLY18MPSLED50PT,Lost Mary MO20000 PRO Space Edition-Pack of 5-Peppermint-50mg,Disposables,65.25,,goods,0,Peppermint,,50mg,5
DLMMO500218,Lost Mary MO20000 PRO Space Edition-Single Disposable-Peppermint-50mg,Disposables,11.5,7.35,goods,20000,Peppermint,,50mg,1
DLMMO500218,Lost Mary MO20000 PRO Space Edition-Single Disposable-Peppermint-50mg,Disposables,11.5,7.35,goods,20000,Peppermint,,50mg,1
DLMMO500218,Lost Mary MO20000 PRO Space Edition-Single Disposable-Peppermint-50mg,Disposables,11.5,7.35,goods,20000,Peppermint,,50mg,1
HLY18MPSLED50PA,Lost Mary MO20000 PRO Space Edition-Pack of 5-Pina Colada-50mg,Disposables,65.25,,goods,0,Pina Colada,,50mg,5
HLY18MPSLED50PA,Lost Mary MO20000 PRO Space Edition-Pack of 5-Pina Colada-50mg,Disposables,65.25,,goods,0,Pina Colada,,50mg,5
DLMMO500219,Lost Mary MO20000 PRO Space Edition-Single Disposable-Pina Colada-50mg,Disposables,11.5,7.35,goods,20000,Pina Colada,,50mg,1
DLMMO500219,Lost Mary MO20000 PRO Space Edition-Single Disposable-Pina Colada-50mg,Disposables,11.5,7.35,goods,20000,Pina Colada,,50mg,1
DLMMO500219,Lost Mary MO20000 PRO Space Edition-Single Disposable-Pina Colada-50mg,Disposables,11.5,7.35,goods,20000,Pina Colada,,50mg,1
HLY18MPSLED50PR,Lost Mary MO20000 PRO Space Edition-Pack of 5-Pear Drop-50mg,Disposables,65.25,,goods,0,Pear Drop,,50mg,5
HLY18MPSLED50PR,Lost Mary MO20000 PRO Space Edition-Pack of 5-Pear Drop-50mg,Disposables,65.25,,goods,0,Pear Drop,,50mg,5
DLMMO500217,Lost Mary MO20000 PRO Space Edition-Single Disposable-Pear Drop-50mg,Disposables,11.5,7.35,goods,20000,Pear Drop,,50mg,1
DLMMO500217,Lost Mary MO20000 PRO Space Edition-Single Disposable-Pear Drop-50mg,Disposables,11.5,7.35,goods,20000,Pear Drop,,50mg,1
DLMMO500217,Lost Mary MO20000 PRO Space Edition-Single Disposable-Pear Drop-50mg,Disposables,11.5,7.35,goods,20000,Pear Drop,,50mg,1
HLY18MPSLED50SY,Lost Mary MO20000 PRO Space Edition-Pack of 5-Strawberry Kiwi-50mg,Disposables,65.0,,goods,0,Strawberry Kiwi,,50mg,5
HLY18MPSLED50SY,Lost Mary MO20000 PRO Space Edition-Pack of 5-Strawberry Kiwi-50mg,Disposables,65.0,,goods,0,Strawberry Kiwi,,50mg,5
DLMMO500220,Lost Mary MO20000 PRO Space Edition-Single Disposable-Strawberry Kiwi-50mg,Disposables,11.5,7.35,goods,20000,Strawberry Kiwi,,50mg,1
DLMMO500220,Lost Mary MO20000 PRO Space Edition-Single Disposable-Strawberry Kiwi-50mg,Disposables,11.5,7.35,goods,20000,Strawberry Kiwi,,50mg,1
DLMMO500220,Lost Mary MO20000 PRO Space Edition-Single Disposable-Strawberry Kiwi-50mg,Disposables,11.5,7.35,goods,20000,Strawberry Kiwi,,50mg,1
HLY15MTD50SYBA,Lost Mary MT15000 Turbo Rechargeable Vape-5-Pack-Strawberry Banana-5.0%-16mL,Disposables,58.0,,goods,5000,Strawberry Banana,16mL,5.0%,5
HLY15MTD50SYBA,Lost Mary MT15000 Turbo Rechargeable Vape-5-Pack-Strawberry Banana-5.0%-16mL,Disposables,58.0,,goods,5000,Strawberry Banana,16mL,5.0%,5
HLY15MTD50SYBA,Lost Mary MT15000 Turbo Rechargeable Vape-5-Pack-Strawberry Banana-5.0%-16mL,Disposables,58.0,,goods,5000,Strawberry Banana,16mL,5.0%,5
HLY15MTD50RYBA,Lost Mary MT15000 Turbo Rechargeable Vape-5-Pack-Raspberry Banana-5.0%-16mL,Disposables,58.0,,goods,5000,Raspberry Banana,16mL,5.0%,5
HLY15MTD50RYBA,Lost Mary MT15000 Turbo Rechargeable Vape-5-Pack-Raspberry Banana-5.0%-16mL,Disposables,58.0,,goods,5000,Raspberry Banana,16mL,5.0%,5
HLY15MTD50RYBA,Lost Mary MT15000 Turbo Rechargeable Vape-5-Pack-Raspberry Banana-5.0%-16mL,Disposables,58.0,,goods,5000,Raspberry Banana,16mL,5.0%,5
DLMMTS201502,Lost Mary MT15000 Turbo Rechargeable Vape-Single Disposable-Baja Splash-2.0%-16mL,Disposables,10.99,6.85,goods,5000,Baja Splash,16mL,2.0%,1
DLMMTS201502,Lost Mary MT15000 Turbo Rechargeable Vape-Single Disposable-Baja Splash-2.0%-16mL,Disposables,10.99,6.85,goods,5000,Baja Splash,16mL,2.0%,1
DLMMTS201502,Lost Mary MT15000 Turbo Rechargeable Vape-Single Disposable-Baja Splash-2.0%-16mL,Disposables,10.99,6.85,goods,5000,Baja Splash,16mL,2.0%,1
DLMMTS201503,Lost Mary MT15000 Turbo Rechargeable Vape-Single Disposable-Berry Burst-2.0%-16mL,Disposables,10.99,6.85,goods,5000,Berry Burst,16mL,2.0%,1
DLMMTS201503,Lost Mary MT15000 Turbo Rechargeable Vape-Single Disposable-Berry Burst-2.0%-16mL,Disposables,10.99,6.85,goods,5000,Berry Burst,16mL,2.0%,1
DLMMTS201503,Lost Mary MT15000 Turbo Rechargeable Vape-Single Disposable-Berry Burst-2.0%-16mL,Disposables,10.99,6.85,goods,5000,Berry Burst,16mL,2.0%,1
DLMMTS201501,Lost Mary MT15000 Turbo Rechargeable Vape-Single Disposable-Blue Razz Ice-2.0%-16mL,Disposables,10.99,6.85,goods,5000,Blue Razz Ice,16mL,2.0%,1
DLMMTS201501,Lost Mary MT15000 Turbo Rechargeable Vape-Single Disposable-Blue Razz Ice-2.0%-16mL,Disposables,10.99,6.85,goods,5000,Blue Razz Ice,16mL,2.0%,1
DLMMTS201501,Lost Mary MT15000 Turbo Rechargeable Vape-Single Disposable-Blue Razz Ice-2.0%-16mL,Disposables,10.99,6.85,goods,5000,Blue Razz Ice,16mL,2.0%,1
DLMMTS201504,Lost Mary MT15000 Turbo Rechargeable Vape-Single Disposable-Miami Mint-2.0%-16mL,Disposables,10.99,6.85,goods,5000,Miami Mint,16mL,2.0%,1
DLMMTS201504,Lost Mary MT15000 Turbo Rechargeable Vape-Single Disposable-Miami Mint-2.0%-16mL,Disposables,10.99,6.85,goods,5000,Miami Mint,16mL,2.0%,1
DLMMTS201504,Lost Mary MT15000 Turbo Rechargeable Vape-Single Disposable-Miami Mint-2.0%-16mL,Disposables,10.99,6.85,goods,5000,Miami Mint,16mL,2.0%,1
DLMMTS201505,Lost Mary MT15000 Turbo Rechargeable Vape-Single Disposable-Strawmelon Peach-2.0%-16mL,Disposables,10.99,6.85,goods,5000,Strawmelon Peach,16mL,2.0%,1
DLMMTS201505,Lost Mary MT15000 Turbo Rechargeable Vape-Single Disposable-Strawmelon Peach-2.0%-16mL,Disposables,10.99,6.85,goods,5000,Strawmelon Peach,16mL,2.0%,1
DLMMTS201505,Lost Mary MT15000 Turbo Rechargeable Vape-Single Disposable-Strawmelon Peach-2.0%-16mL,Disposables,10.99,6.85,goods,5000,Strawmelon Peach,16mL,2.0%,1
DLMMTS500121,Lost Mary MT15000 Turbo Rechargeable Vape-Single Disposable-Blueberry Raspberry Lemon-5.0%-16mL,Disposables,10.99,6.85,goods,5000,Blueberry Raspberry Lemon,16mL,5.0%,1
DLMMTS500121,Lost Mary MT15000 Turbo Rechargeable Vape-Single Disposable-Blueberry Raspberry Lemon-5.0%-16mL,Disposables,10.99,6.85,goods,5000,Blueberry Raspberry Lemon,16mL,5.0%,1
DLMMTS500121,Lost Mary MT15000 Turbo Rechargeable Vape-Single Disposable-Blueberry Raspberry Lemon-5.0%-16mL,Disposables,10.99,6.85,goods,5000,Blueberry Raspberry Lemon,16mL,5.0%,1
DLMMTS500122,Lost Mary MT15000 Turbo Rechargeable Vape-Single Disposable-Frozen White Strawberry-5.0%-16mL,Disposables,10.99,6.85,goods,5000,Frozen White Strawberry,16mL,5.0%,1
DLMMTS500122,Lost Mary MT15000 Turbo Rechargeable Vape-Single Disposable-Frozen White Strawberry-5.0%-16mL,Disposables,10.99,6.85,goods,5000,Frozen White Strawberry,16mL,5.0%,1
DLMMTS500122,Lost Mary MT15000 Turbo Rechargeable Vape-Single Disposable-Frozen White Strawberry-5.0%-16mL,Disposables,10.99,6.85,goods,5000,Frozen White Strawberry,16mL,5.0%,1
DLMMTS500123,Lost Mary MT15000 Turbo Rechargeable Vape-Single Disposable-Acai Berry Storm Ice-5.0%-16mL,Disposables,10.99,6.85,goods,0,Acai Berry Storm Ice,16mL,5.0%,1
DLMMTS500123,Lost Mary MT15000 Turbo Rechargeable Vape-Single Disposable-Acai Berry Storm Ice-5.0%-16mL,Disposables,10.99,6.85,goods,0,Acai Berry Storm Ice,16mL,5.0%,1
DLMMTS500123,Lost Mary MT15000 Turbo Rechargeable Vape-Single Disposable-Acai Berry Storm Ice-5.0%-16mL,Disposables,10.99,6.85,goods,0,Acai Berry Storm Ice,16mL,5.0%,1
DLMMTS500124,Lost Mary MT15000 Turbo Rechargeable Vape-Single Disposable-Grape Jelly-5.0%-16mL,Disposables,10.99,6.85,goods,0,Grape Jelly,16mL,5.0%,1
DLMMTS500124,Lost Mary MT15000 Turbo Rechargeable Vape-Single Disposable-Grape Jelly-5.0%-16mL,Disposables,10.99,6.85,goods,0,Grape Jelly,16mL,5.0%,1
DLMMTS500124,Lost Mary MT15000 Turbo Rechargeable Vape-Single Disposable-Grape Jelly-5.0%-16mL,Disposables,10.99,6.85,goods,0,Grape Jelly,16mL,5.0%,1
DLMMTS500125,Lost Mary MT15000 Turbo Rechargeable Vape-Single Disposable-Hawaii Juice-5.0%-16mL,Disposables,10.99,6.85,goods,0,Hawaii Juice,16mL,5.0%,1
DLMMTS500125,Lost Mary MT15000 Turbo Rechargeable Vape-Single Disposable-Hawaii Juice-5.0%-16mL,Disposables,10.99,6.85,goods,0,Hawaii Juice,16mL,5.0%,1
DLMMTS500125,Lost Mary MT15000 Turbo Rechargeable Vape-Single Disposable-Hawaii Juice-5.0%-16mL,Disposables,10.99,6.85,goods,0,Hawaii Juice,16mL,5.0%,1
DLMMTS500126,Lost Mary MT15000 Turbo Rechargeable Vape-Single Disposable-Pure-5.0%-16mL,Disposables,10.99,6.85,goods,0,Pure,16mL,5.0%,1
DLMMTS500126,Lost Mary MT15000 Turbo Rechargeable Vape-Single Disposable-Pure-5.0%-16mL,Disposables,10.99,6.85,goods,0,Pure,16mL,5.0%,1
DLMMTS500126,Lost Mary MT15000 Turbo Rechargeable Vape-Single Disposable-Pure-5.0%-16mL,Disposables,10.99,6.85,goods,0,Pure,16mL,5.0%,1
DLMMTS500127,Lost Mary MT15000 Turbo Rechargeable Vape-Single Disposable-Refresh Fcuking Fab-5.0%-16mL,Disposables,10.99,6.85,goods,0,Refresh Fcuking Fab,16mL,5.0%,1
DLMMTS500127,Lost Mary MT15000 Turbo Rechargeable Vape-Single Disposable-Refresh Fcuking Fab-5.0%-16mL,Disposables,10.99,6.85,goods,0,Refresh Fcuking Fab,16mL,5.0%,1
DLMMTS500127,Lost Mary MT15000 Turbo Rechargeable Vape-Single Disposable-Refresh Fcuking Fab-5.0%-16mL,Disposables,10.99,6.85,goods,0,Refresh Fcuking Fab,16mL,5.0%,1
DLMMTS500128,Lost Mary MT15000 Turbo Rechargeable Vape-Single Disposable-Tropical Baja Splash-5.0%-16mL,Disposables,10.99,6.85,goods,0,Tropical Baja Splash,16mL,5.0%,1
DLMMTS500128,Lost Mary MT15000 Turbo Rechargeable Vape-Single Disposable-Tropical Baja Splash-5.0%-16mL,Disposables,10.99,6.85,goods,0,Tropical Baja Splash,16mL,5.0%,1
DLMMTS500128,Lost Mary MT15000 Turbo Rechargeable Vape-Single Disposable-Tropical Baja Splash-5.0%-16mL,Disposables,10.99,6.85,goods,0,Tropical Baja Splash,16mL,5.0%,1
DLMMTS500129,Lost Mary MT15000 Turbo Rechargeable Vape-Single Disposable-Wildberry Baja Splash-5.0%-16mL,Disposables,10.99,6.85,goods,0,Wildberry Baja Splash,16mL,5.0%,1
DLMMTS500129,Lost Mary MT15000 Turbo Rechargeable Vape-Single Disposable-Wildberry Baja Splash-5.0%-16mL,Disposables,10.99,6.85,goods,0,Wildberry Baja Splash,16mL,5.0%,1
DLMMTS500129,Lost Mary MT15000 Turbo Rechargeable Vape-Single Disposable-Wildberry Baja Splash-5.0%-16mL,Disposables,10.99,6.85,goods,0,Wildberry Baja Splash,16mL,5.0%,1
DLMMTS001501,Lost Mary MT15000 Turbo Zero Nicotine Disposable Vape-Blue Razz Ice-Single Disposable-0%-16mL,Disposables,10.99,6.85,goods,15000,Blue Razz Ice,16mL,0%,1
DLMMTS001501,Lost Mary MT15000 Turbo Zero Nicotine Disposable Vape-Blue Razz Ice-Single Disposable-0%-16mL,Disposables,10.99,6.85,goods,15000,Blue Razz Ice,16mL,0%,1
DLMMTS001501,Lost Mary MT15000 Turbo Zero Nicotine Disposable Vape-Blue Razz Ice-Single Disposable-0%-16mL,Disposables,10.99,6.85,goods,15000,Blue Razz Ice,16mL,0%,1
DLMMTS001502,Lost Mary MT15000 Turbo Zero Nicotine Disposable Vape-Baja Splash-Single Disposable-0%-16mL,Disposables,10.99,6.85,goods,15000,Baja Splash,16mL,0%,1
DLMMTS001502,Lost Mary MT15000 Turbo Zero Nicotine Disposable Vape-Baja Splash-Single Disposable-0%-16mL,Disposables,10.99,6.85,goods,15000,Baja Splash,16mL,0%,1
DLMMTS001502,Lost Mary MT15000 Turbo Zero Nicotine Disposable Vape-Baja Splash-Single Disposable-0%-16mL,Disposables,10.99,6.85,goods,15000,Baja Splash,16mL,0%,1
DLMMTS001503,Lost Mary MT15000 Turbo Zero Nicotine Disposable Vape-Miami Mint-Single Disposable-0%-16mL,Disposables,10.99,6.85,goods,15000,Miami Mint,16mL,0%,1
DLMMTS001503,Lost Mary MT15000 Turbo Zero Nicotine Disposable Vape-Miami Mint-Single Disposable-0%-16mL,Disposables,10.99,6.85,goods,15000,Miami Mint,16mL,0%,1
DLMMTS001503,Lost Mary MT15000 Turbo Zero Nicotine Disposable Vape-Miami Mint-Single Disposable-0%-16mL,Disposables,10.99,6.85,goods,15000,Miami Mint,16mL,0%,1
DLMMTS001504,Lost Mary MT15000 Turbo Zero Nicotine Disposable Vape-Rocket Popsicle-Single Disposable-0%-16mL,Disposables,10.99,6.85,goods,15000,Rocket Popsicle,16mL,0%,1
DLMMTS001504,Lost Mary MT15000 Turbo Zero Nicotine Disposable Vape-Rocket Popsicle-Single Disposable-0%-16mL,Disposables,10.99,6.85,goods,15000,Rocket Popsicle,16mL,0%,1
DLMMTS001504,Lost Mary MT15000 Turbo Zero Nicotine Disposable Vape-Rocket Popsicle-Single Disposable-0%-16mL,Disposables,10.99,6.85,goods,15000,Rocket Popsicle,16mL,0%,1
DLMMTS001505,Lost Mary MT15000 Turbo Zero Nicotine Disposable Vape-Winter Mint-Single Disposable-0%-16mL,Disposables,10.99,6.85,goods,15000,Winter Mint,16mL,0%,1
DLMMTS001505,Lost Mary MT15000 Turbo Zero Nicotine Disposable Vape-Winter Mint-Single Disposable-0%-16mL,Disposables,10.99,6.85,goods,15000,Winter Mint,16mL,0%,1
DLMMTS001505,Lost Mary MT15000 Turbo Zero Nicotine Disposable Vape-Winter Mint-Single Disposable-0%-16mL,Disposables,10.99,6.85,goods,15000,Winter Mint,16mL,0%,1
DLMMO500221,Lost Mary MO20000 PRO Rechargeable Vape-Grape Jelly-Single Disposable-5.0%-18mL,Disposables,11.5,7.85,goods,5000,Grape Jelly,18mL,5.0%,1
DLMMO500221,Lost Mary MO20000 PRO Rechargeable Vape-Grape Jelly-Single Disposable-5.0%-18mL,Disposables,11.5,7.85,goods,5000,Grape Jelly,18mL,5.0%,1
DLMMO500221,Lost Mary MO20000 PRO Rechargeable Vape-Grape Jelly-Single Disposable-5.0%-18mL,Disposables,11.5,7.85,goods,5000,Grape Jelly,18mL,5.0%,1
DLMMO500222,Lost Mary MO20000 PRO Rechargeable Vape-Luxury Tobacco-Single Disposable-5.0%-18mL,Disposables,11.5,7.85,goods,5000,Luxury Tobacco,18mL,5.0%,1
DLMMO500222,Lost Mary MO20000 PRO Rechargeable Vape-Luxury Tobacco-Single Disposable-5.0%-18mL,Disposables,11.5,7.85,goods,5000,Luxury Tobacco,18mL,5.0%,1
DLMMO500222,Lost Mary MO20000 PRO Rechargeable Vape-Luxury Tobacco-Single Disposable-5.0%-18mL,Disposables,11.5,7.85,goods,5000,Luxury Tobacco,18mL,5.0%,1
DLMMO500223,Lost Mary MO20000 PRO Rechargeable Vape-Red Wave-Single Disposable-5.0%-18mL,Disposables,11.5,7.85,goods,5000,Red Wave,18mL,5.0%,1
DLMMO500223,Lost Mary MO20000 PRO Rechargeable Vape-Red Wave-Single Disposable-5.0%-18mL,Disposables,11.5,7.85,goods,5000,Red Wave,18mL,5.0%,1
DLMMO500223,Lost Mary MO20000 PRO Rechargeable Vape-Red Wave-Single Disposable-5.0%-18mL,Disposables,11.5,7.85,goods,5000,Red Wave,18mL,5.0%,1
DLMMO500224,Lost Mary MO20000 PRO Rechargeable Vape-Scary Berry-Single Disposable-5.0%-18mL,Disposables,11.5,7.85,goods,5000,Scary Berry,18mL,5.0%,1
DLMMO500224,Lost Mary MO20000 PRO Rechargeable Vape-Scary Berry-Single Disposable-5.0%-18mL,Disposables,11.5,7.85,goods,5000,Scary Berry,18mL,5.0%,1
DLMMO500224,Lost Mary MO20000 PRO Rechargeable Vape-Scary Berry-Single Disposable-5.0%-18mL,Disposables,11.5,7.85,goods,5000,Scary Berry,18mL,5.0%,1
DLMMO500225,Lost Mary MO20000 PRO Rechargeable Vape-Sour Strawberry Dragon-Single Disposable-5.0%-18mL,Disposables,11.5,7.85,goods,5000,Sour Strawberry Dragon,18mL,5.0%,1
DLMMO500225,Lost Mary MO20000 PRO Rechargeable Vape-Sour Strawberry Dragon-Single Disposable-5.0%-18mL,Disposables,11.5,7.85,goods,5000,Sour Strawberry Dragon,18mL,5.0%,1
DLMMO500225,Lost Mary MO20000 PRO Rechargeable Vape-Sour Strawberry Dragon-Single Disposable-5.0%-18mL,Disposables,11.5,7.85,goods,5000,Sour Strawberry Dragon,18mL,5.0%,1
