product,location,inventoried_quantity
0,WH/Z,0
000000,WH/Z,25
"10.5"" Multi Color Beaker Water Pipe",WH/Z,0
3-Ply Surgical Face Mask Level 2 - 100 Pack,WH/Z,0
3-Ply Surgical Face Mask Level 2 - 20 Pack,WH/Z,500
33912,WH/Z,0
34648,WH/Z,0
35774,WH/Z,0
36840,WH/Z,0
36841,WH/Z,0
6239,WH/Z,0
AHUBOS100151,WH/Z,210
AHUBOS100152,WH/Z,212
AHUBOS100153,WH/Z,199
AHUBOS100154,WH/Z,182
AHUBOS100155,WH/Z,200
AHUBOS100156,WH/Z,14
ALOHA7MT3SGB,WH/Z,0
ASAPYP000001,WH/G/6/3,4
ASAPYP000002,WH/G/6/3,9
ASAPYP000003,WH/G/6/3,4
ASAPYP000004,WH/G/6/2,37
ASAPYP000005,WH/G/6/2,48
ASAPYP000006,WH/G/6/2,42
ASAPYP000007,WH/Z,0
Acrylic Display Case-Empty 3-Shelf Case,WH/Z,0
Aloha Sun TFN Disposable 10-Pack,WH/Z,0
Antibacterial Hand Sanitizer 60ML,WH/Z,0
Antibacterial Hand Sanitizer 60ML - 1 Bottle,WH/Z,0
Antibacterial Hand Sanitizer 60ML - 10 Bottles,WH/Z,0
Antibacterial Hand Sanitizer 60ML - 100 Bottles,WH/Z,0
Antibacterial Hand Sanitizer 60ML - 20 Bottles,WH/Z,1000
Antibacterial Hand Sanitizer 60ML - 200 Bottles,WH/Z,0
Antibacterial Hand Sanitizer 60ML - 300 Bottles,WH/Z,0
Antibacterial Hand Sanitizer 60ML - 40 Bottles,WH/Z,1000
Art X Disposable 5000 Puffs 10-Pack-La La Land,WH/Z,0
BACK ROOM,WH/Z,0
BACKROOM,WH/Z,0
BBBBBS000001,WH/Z,0
BBBBBS000002,WH/Z,0
BBCETP000002,WH/Z,0
BBCPTP000001,WH/Z,0
BFLBES000001,WH/Z,479
BHOHMP000001,WH/Z,0
BIOLFD8MRPR18G-LMNKS,WH/Z,0
BLICOS000001,WH/Z,0
BLMLBD810RL1200MG-LMKS,WH/Z,0
BOFSTS000001,WH/D/3/2,0
BOFSTS000001,WH/Z,107
BOFSTS000002,WH/D/4/2,0
BOFSTS000002,WH/Z,1117
BOFSTS000003,WH/D/4/2,0
BOFSTS000003,WH/Z,1127
BOFSTS000004,WH/D/3/2,110
BSAMSP000001,WH/Z,0
BSAMSP000002,WH/Z,0
BSAMSP000003,WH/Z,0
BSAMSP000004,WH/Z,0
BSAMSP000005,WH/Z,0
BSAMSP000006,WH/Z,353
BSAMSP000007,WH/Z,63
BWHITP000001,WH/Z,0
BZLADS000001,WH/G/6/2,60
BZLADS000002,WH/G/6/2,24
BZLADS000003,WH/G/6/2,37
BZLADS000004,WH/G/6/2,70
Big Boy Mega Rechargeable Single Disposable-Peach Gummy Ice,WH/Z,0
COIL01,WH/Z,2
COIL02,WH/Z,0
COIL03,WH/Z,0
COIL04,WH/Z,0
COIL05,WH/Z,0
COIL06,WH/Z,0
COIL07,WH/Z,6
COIL08,WH/Z,0
COIL09,WH/Z,0
COIL10,WH/Z,7
COIL11,WH/Z,0
COIL12,WH/Z,0
COIL13,WH/Z,0
COIL14,WH/Z,0
COIL15,WH/Z,0
COIL16,WH/Z,0
COIL17,WH/Z,0
COIL18,WH/Z,0
COIL19,WH/Z,0
COIL20,WH/Z,0
COIL21,WH/Z,0
COIL22,WH/Z,0
COIL24,WH/Z,0
COIL25,WH/Z,1
COIL26,WH/Z,0
COIL27,WH/Z,0
COIL28,WH/Z,4
COIL29,WH/Z,4
COIL30,WH/Z,4
COIL31,WH/Z,3
COIL32,WH/Z,0
COIL33,WH/Z,4
COIL34,WH/Z,16
COIL35,WH/Z,12
COIL36,WH/Z,4
COIL37,WH/Z,4
COIL38,WH/Z,0
COIL39,WH/Z,0
COIL40,WH/Z,0
COIL41,WH/Z,1
COIL42,WH/Z,0
COIL43,WH/Z,2
COIL44,WH/Z,0
COIL45,WH/Z,0
COIL46,WH/Z,0
COIL47,WH/Z,0
COIL48,WH/Z,0
COIL49,WH/Z,0
COIL50,WH/Z,17
COIL51,WH/Z,3
COIL52,WH/Z,19
CPAATS000001,WH/Z,0
CPAATS000002,WH/E/3/2,0
CPAATS000003,WH/E/3/2,0
CPAATS000004,WH/E/3/2,0
CPAATS000005,WH/E/3/2,0
CPAATS000006,WH/K/1/2,19
CPAATS000007,WH/E/3/2,2
CPAATS000008,WH/Z,0
CPAATS000009,WH/K/1/2,0
CPAATS000010,WH/E/3/2,0
CTOPOP000001,WH/Z,0
CTOPOP000002,WH/Z,7
CTOPOP000003,WH/Z,0
CTOPOP000004,WH/Z,0
CWHITP000001,WH/Z,10
CWHITP000002,WH/Z,0
CWHITP000003,WH/Z,0
Chubby Vapes E-liquid 60mL-3mg-Iced Out,WH/Z,0
Chubby Vapes E-liquid 60mL-3mg-Purp,WH/Z,0
Chubby Vapes E-liquid 60mL-3mg-Purp Ice,WH/Z,0
Chubby Vapes E-liquid 60mL-3mg-Razz,WH/Z,0
Chubby Vapes E-liquid 60mL-3mg-Razz Ice,WH/Z,0
Chubby Vapes E-liquid 60mL-3mg-Strawberry,WH/Z,0
Chubby Vapes E-liquid 60mL-6mg-Iced Out,WH/Z,0
Chubby Vapes E-liquid 60mL-6mg-Purp,WH/Z,0
Chubby Vapes E-liquid 60mL-6mg-Purp Ice,WH/Z,0
Chubby Vapes E-liquid 60mL-6mg-Razz,WH/Z,0
Chubby Vapes E-liquid 60mL-6mg-Razz Ice,WH/Z,0
Chubby Vapes E-liquid 60mL-6mg-Strawberry,WH/Z,0
DABBXP500001,WH/Z,0
DABBXP500002,WH/G/7/1,0
DABBXP500003,WH/Z,0
DABBXP500004,WH/Z,0
DABBXP500005,WH/Z,0
DABBXP500006,WH/Z,0
DABBXP500007,WH/Z,0
DABBXP500008,WH/Z,0
DABBXP500009,WH/Z,0
DABBXP500010,WH/Z,0
DABBXP500011,WH/G/7/1,0
DABBXP500012,WH/Z,0
DABBXP500013,WH/Z,0
DABBXP500014,WH/Z,0
DABBXP500015,WH/Z,0
DABBXP500016,WH/Z,0
DABBXP500017,WH/Z,0
DABBXP500018,WH/Z,0
DABBXP500019,WH/G/8/1,0
DABBXP500020,WH/Z,0
DABBXP500021,WH/G/7/1,2
DABBXP500022,WH/G/8/1,0
DABBXS500001,WH/Z,0
DABBXS500002,WH/Z,0
DABBXS500003,WH/Stock,0
DABBXS500004,WH/Z,0
DABBXS500005,WH/Z,0
DABBXS500006,WH/Z,0
DABDMP500001,WH/Z,0
DABDMP500002,WH/Z,0
DABDMP500003,WH/Z,0
DABDMP500004,WH/Z,0
DABDMP500005,WH/Z,0
DABDMP500006,WH/Z,0
DABDMP500007,WH/Z,0
DABDMP500008,WH/Z,0
DABDMP500009,WH/Z,0
DABDMP500010,WH/Z,0
DABDMP500011,WH/Z,0
DABDMP500012,WH/Z,0
DABDMP500013,WH/Z,0
DABDMP500014,WH/Z,0
DABDMP500015,WH/Z,0
DABDMP500016,WH/Z,0
DABDMP500017,WH/Z,0
DABDMP500018,WH/Z,0
DABDMP500019,WH/Z,0
DABDMP500020,WH/Z,0
DABDMP500021,WH/Z,0
DABDMP500022,WH/Z,0
DABDMP500023,WH/Z,0
DABDMP500024,WH/Z,0
DABDMP500025,WH/Z,0
DABDMP500026,WH/Z,0
DABDMP500027,WH/Z,0
DABDMP500028,WH/Z,0
DABDMP500029,WH/Z,0
DABDMP500030,WH/Z,0
DABLLS500101,WH/Z,0
DABLLS500102,WH/Z,0
DABLLS500103,WH/Z,0
DABLLS500104,WH/Z,0
DABLLS500105,WH/Z,0
DABLLS500106,WH/A/9/2,0
DABLLS500107,WH/Z,0
DABLLS500108,WH/Z,0
DABLLS500109,WH/Z,0
DABLLS500110,WH/Z,0
DABLLS500111,WH/Z,0
DABLXP500001,WH/Z,0
DABLXP500002,WH/Z,0
DABLXP500003,WH/Z,0
DABLXP500004,WH/Z,0
DABLXP500005,WH/Z,0
DABLXP500006,WH/Z,0
DABLXP500007,WH/Z,0
DABLXP500008,WH/Z,0
DABLXP500009,WH/Z,0
DABLXP500010,WH/Z,0
DABLXP500011,WH/Z,0
DABLXP500012,WH/Z,0
DABLXP500013,WH/Z,0
DABLXP500014,WH/Z,0
DABLXP500015,WH/Z,0
DABLXP500016,WH/Z,0
DABLXP500017,WH/Z,0
DABLXP500018,WH/Z,0
DABLXP500019,WH/Z,0
DABLXP500020,WH/Z,0
DABLXP500021,WH/Z,0
DABLXP500022,WH/Z,0
DABLXP500023,WH/Z,0
DABLXP500024,WH/Z,0
DABLXP500025,WH/Z,0
DABLXP500027,WH/Z,0
DABLXP500028,WH/Z,0
DABLXP500029,WH/Z,0
DABLXP500030,WH/Z,0
DABLXP500031,WH/Z,0
DABLXP500032,WH/Z,0
DABLXP500033,WH/Z,0
DABLXP500034,WH/Z,0
DABLXP500035,WH/Z,0
DABLXS500001,WH/Z,0
DABLXS500002,WH/Z,0
DABLXS500003,WH/Z,0
DABLXS500004,WH/Z,0
DABLXS500005,WH/Z,0
DABLXS500006,WH/Z,0
DABLXS500007,WH/A/9/2,23
DABLXS500008,WH/Z,0
DABLXS500009,WH/Z,0
DABLXS500010,WH/Z,0
DABLXS500011,WH/Z,0
DABMNP500201,WH/Z,0
DABMNP500202,WH/Z,0
DABMNP500203,WH/Z,0
DABMNP500204,WH/Z,0
DABMNP500205,WH/Z,0
DABMNP500206,WH/Z,0
DABMNP500207,WH/Z,0
DABMNP500208,WH/Z,0
DABMNP500209,WH/Z,0
DABMNP500210,WH/Z,0
DABMNP500211,WH/Z,0
DABMNP500212,WH/Z,0
DABMNP500213,WH/Z,0
DABMXP500003,WH/Z,0
DABMXP500004,WH/Z,0
DABMXP500005,WH/Z,0
DABMXP500005,WH/Z,0
DABMXP500006,WH/Z,0
DABMXP500007,WH/Z,0
DABMXP500009,WH/Z,0
DABMXP500010,WH/Z,0
DABMXP500012,WH/Z,0
DABMXP500014,WH/Z,0
DABMXP500015,WH/Z,0
DABMXP500016,WH/Z,0
DABMXP500018,WH/Z,0
DABMXP500019,WH/Z,0
DABMXP500021,WH/Z,0
DABMXP500022,WH/Z,0
DABMXS500001,WH/Z,0
DABMXS500002,WH/Z,0
DABMXS500003,WH/A/9/2,40
DABMXS500004,WH/Z,0
DABMXS500005,WH/Z,0
DABMXS500006,WH/Z,0
DABMXS500007,WH/Z,0
DABMXS500008,WH/Z,0
DABMXS500009,WH/Z,0
DABNXP500601,WH/Z,0
DABNXP500602,WH/Z,0
DABNXP500603,WH/Z,0
DABNXP500604,WH/Z,0
DABNXP500605,WH/Z,0
DABNXP500606,WH/Z,0
DADMYS504001,WH/E/1/3,121
DADMYS504002,WH/E/1/3,266
DADMYS504003,WH/E/1/3,355
DADMYS504004,WH/E/1/3,320
DADMYS504005,WH/E/1/3,59
DADMYS504006,WH/E/1/3,130
DADMYS504007,WH/E/1/3,187
DADMYS504008,WH/E/1/2,242
DADMYS504009,WH/E/1/2,230
DADMYS504010,WH/E/1/2,184
DADMYS504011,WH/E/1/2,29
DADMYS504012,WH/E/1/2,0
DADMYS504013,WH/E/1/2,83
DADMYS504014,WH/E/2/2,54
DADMYS504015,WH/E/2/2,18
DAFSMS503001,WH/A/4/3,0
DAFSMS503002,WH/E/4/3,235
DAFSMS503003,WH/E/4/3,236
DAFSMS503004,WH/E/5/3,270
DAFSMS503005,WH/E/5/3,291
DAFSMS503006,WH/E/5/3,294
DAFSMS503007,WH/E/6/3,227
DAFSMS503008,WH/E/6/3,236
DAFSMS503009,WH/E/6/3,0
DAFSMS503010,WH/E/6/3,294
DAFSMS503011,WH/E/6/3,294
DAFSMS503012,WH/E/6/3,1083
DAFSMS503013,WH/E/5/3,1046
DAIFUS500201,WH/C/5/1,0
DAIFUS500201,WH/Z,66
DAIFUS500202,WH/C/6/1,0
DAIFUS500202,WH/Z,47
DAIFUS500203,WH/C/6/1,0
DAIFUS500203,WH/Z,0
DAIFUS500204,WH/C/6/1,5
DAIFUS500204,WH/Z,14
DAIFUS500205,WH/C/6/1,0
DAIFUS500205,WH/Z,66
DAIFUS500206,WH/C/6/1,0
DAIFUS500206,WH/Z,82
DAIFUS500207,WH/C/6/1,0
DAIFUS500207,WH/Z,91
DAIFUS500208,WH/C/6/1,0
DAIFUS500208,WH/Z,53
DAIFUS500209,WH/C/6/1,0
DAIFUS500209,WH/Z,0
DAIFUS500210,WH/D/1/1,0
DAIFUS500210,WH/Z,0
DAIFUS500211,WH/D/1/1,0
DAIFUS500212,WH/D/1/1,0
DAJMFS504001,WH/F/3/2,202
DAJMFS504002,WH/F/2/2,264
DAJMFS504003,WH/F/2/2,176
DAJMFS504004,WH/F/2/2,194
DAJMFS504005,WH/Z,153
DAJMFS504006,WH/F/2/2,146
DAJMFS504007,WH/F/1/2,95
DAJMFS504008,WH/F/1/2,138
DAJMFS504008,WH/Z,200
DAJMFS504009,WH/F/2/2,73
DAJMFS504010,WH/F/2/2,95
DAJMFS504011,WH/F/2/2,74
DAJMFS504012,WH/F/2/2,88
DAJMFS504013,WH/F/1/2,65
DAJMSS504001,WH/D/4/1,248
DAJMSS504002,WH/D/4/1,295
DAJMSS504003,WH/Z,0
DAJMSS504004,WH/D/4/1,294
DAJMSS504005,WH/D/4/1,281
DAJMSS504006,WH/D/4/1,374
DAJMSS504007,WH/D/4/1,196
DAJMUS504001,WH/B/5/4,199
DAJMUS504002,WH/B/5/4,198
DAJMUS504003,WH/B/5/4,197
DAJMUS504004,WH/B/5/4,196
DAJMUS504005,WH/B/5/4,192
DALHAS700301,WH/Z,0
DALHLS200101,WH/C/4/1,146
DALHLS200102,WH/C/4/1,0
DALHLS200103,WH/C/4/1,89
DALHLS200104,WH/C/4/1,72
DALHLS200105,WH/C/4/1,0
DALHLS200106,WH/C/4/1,0
DALHLS200107,WH/C/4/1,716
DALHLS200108,WH/Z,0
DALHLS200109,WH/C/4/1,5
DALHLS200110,WH/C/4/1,723
DALHLS200111,WH/C/5/1,0
DALHLS200112,WH/Z,0
DALHLS200113,WH/C/5/1,0
DALHRD900101,WH/Z,0
DALHSP300001,WH/Z,0
DALHSP300002,WH/B/4/1,8
DALHSP300003,WH/Z,0
DALHSP300004,WH/Z,0
DALHSP300005,WH/B/4/1,20
DALHSP300006,WH/Z,0
DALHSP300007,WH/Z,0
DALHSP300008,WH/B/4/1,0
DALHSP300009,WH/Z,0
DALHSP300010,WH/B/4/1,25
DALHSP300011,WH/B/4/1,0
DALHSP300012,WH/B/4/1,9
DALHSP500001,WH/C/3/3,0
DALHSP500002,WH/C/3/2,116
DALHSP500003,WH/C/3/3,91
DALHSP500004,WH/C/3/2,1276
DALHSP500005,WH/Z,0
DALHSP500006,WH/C/3/3,0
DALHSP500007,WH/Z,0
DALHSP500008,WH/C/3/3,290
DALHSP500009,WH/C/3/3,511
DALHSP500010,WH/Z,0
DALHSP500011,WH/C/3/2,0
DALHSP500012,WH/Z,0
DALHSP500013,WH/C/3/2,312
DALHSP500014,WH/C/3/3,491
DALHSP500015,WH/C/3/2,2001
DALHSP500016,WH/C/3/3,225
DALHSP500017,WH/Z,0
DALHSP500018,WH/C/3/2,0
DALHSP500019,WH/C/3/3,140
DALHSP500020,WH/C/3/2,642
DALHSP500300,WH/Z,41
DALHSP500701,WH/F/1/2,0
DALHSP500702,WH/F/1/2,464
DALHSP500703,WH/F/1/2,296
DALHSP500704,WH/F/1/2,633
DALHSP500705,WH/F/1/2,1505
DALHSP500706,WH/F/1/1,989
DALHSP500707,WH/F/1/1,859
DALHSP500708,WH/F/1/1,2014
DALHSP500709,WH/F/1/2,0
DALHSP500710,WH/F/1/1,313
DALHSP500711,WH/F/1/1,790
DALHSP500712,WH/F/1/2,619
DALHSP500713,WH/F/1/1,417
DALHSP500714,WH/F/1/2,950
DALHSP500715,WH/F/1/1,1144
DALHSP500716,WH/F/1/1,94
DALHSP500717,WH/F/1/1,368
DALHSP500718,WH/F/1/2,0
DALHSP50S701,WH/F/1/1,0
DALHSP50S702,WH/F/1/2,136
DALHSP50S703,WH/F/1/2,295
DALHSP50S704,WH/F/1/2,98
DALHSP50S705,WH/F/1/2,136
DALHSP50S706,WH/F/1/1,88
DALHSP50S707,WH/F/1/1,87
DALHSP50S708,WH/F/1/1,16
DALHSP50S709,WH/Z,0
DALHSP50S710,WH/F/1/1,5
DALHSP50S711,WH/F/1/1,271
DALHSP50S712,WH/F/1/1,16
DALHSP50S713,WH/F/1/1,71
DALHSP50S714,WH/F/1/1,267
DALHSP50S715,WH/F/1/2,0
DALHSP50S716,WH/F/1/2,564
DALHSP50S717,WH/F/1/1,154
DALHSS300001,WH/Z,0
DALHSS300002,WH/B/4/1,37
DALHSS300003,WH/Z,0
DALHSS300004,WH/Z,0
DALHSS300005,WH/B/4/1,0
DALHSS300006,WH/B/4/1,5
DALHSS300007,WH/B/4/1,5
DALHSS300008,WH/B/4/1,0
DALHSS300009,WH/Z,0
DALHSS300010,WH/B/4/1,83
DALHSS300011,WH/B/4/1,0
DALHSS300012,WH/B/4/1,77
DALHSS300013,WH/Z,250
DALHSS500001,WH/C/3/3,0
DALHSS500002,WH/C/3/2,198
DALHSS500003,WH/C/3/3,200
DALHSS500004,WH/C/3/2,43
DALHSS500005,WH/C/3/1,15
DALHSS500006,WH/C/3/3,0
DALHSS500007,WH/B/4/1,0
DALHSS500008,WH/C/3/3,164
DALHSS500009,WH/C/3/3,200
DALHSS500010,WH/Z,0
DALHSS500011,WH/C/3/1,0
DALHSS500012,WH/C/3/1,0
DALHSS500013,WH/C/3/2,94
DALHSS500014,WH/C/3/3,74
DALHSS500015,WH/C/3/2,402
DALHSS500016,WH/C/3/3,59
DALHSS500701,WH/Z,0
DALHSS500702,WH/Z,0
DALHSS500703,WH/Z,0
DALHSS500704,WH/Z,0
DALHSS500705,WH/Z,0
DALHSS500706,WH/Z,0
DALHSS500707,WH/Z,0
DALHSS500708,WH/Z,0
DALHSS500709,WH/Z,0
DALHSS500710,WH/Z,0
DALHSS500718,WH/Z,0
DALHSS50S301,WH/Z,0
DALHSS50S302,WH/Z,0
DALHSS50S303,WH/Z,0
DALHSS50S304,WH/Z,0
DALHSS50S305,WH/Z,0
DALHSS50S306,WH/C/3/3,856
DALHSS50S307,WH/Z,0
DALHSS50S308,WH/Z,0
DALHSS50S309,WH/Z,0
DALHSS50S310,WH/Z,0
DALHSS50S311,WH/Z,0
DALHSS50S312,WH/Z,0
DALHSS50S313,WH/Z,0
DALHSS50S314,WH/Z,0
DALHSS50S315,WH/Z,412
DALHSS50S316,WH/C/3/3,156
DALHSS50S317,WH/Z,0
DALHSS50S318,WH/Z,0
DALHSS50S319,WH/Z,200
DALHSS50S320,WH/C/3/2,449
DARBBP500501,WH/Z,5
DARBBP500502,WH/Z,5
DARBBP500503,WH/Z,4
DARDRS500201,WH/F/3/2,58
DARDRS500202,WH/F/3/2,23
DARDRS500203,WH/F/3/2,0
DARDRS500204,WH/F/3/2,322
DARDRS500205,WH/F/3/2,33
DARDRS500206,WH/F/3/2,295
DARDRS500207,WH/F/3/2,196
DARDRS500208,WH/Z,0
DARDRS500209,WH/F/3/2,31
DARMGS500201,WH/Z,13
DARTXP500001,WH/Z,0
DARTXP500002,WH/Z,0
DARTXP500003,WH/Z,0
DARTXP500004,WH/Z,0
DARTXP500005,WH/Z,0
DARTXP500006,WH/Z,0
DARTXP500007,WH/Z,0
DARTXP500008,WH/Z,0
DARTXP500009,WH/Z,0
DARTXP500010,WH/Z,0
DARTXP500011,WH/Z,0
DARTXP500012,WH/Z,0
DARTXP500013,WH/Z,0
DARTXP500014,WH/Z,0
DARTXP500015,WH/Z,0
DATCLS505001,WH/E/6/3,74
DATCLS505002,WH/E/6/3,59
DATCLS505003,WH/E/7/3,46
DATCLS505004,WH/E/7/3,72
DATCLS505005,WH/E/7/3,80
DATCLS505006,WH/E/7/3,80
DATCLS505007,WH/E/7/3,79
DATCLS505008,WH/E/7/3,49
DATCLS505009,WH/E/7/3,59
DATCLS505010,WH/E/7/3,90
DATCLS505011,WH/E/7/3,68
DATCLS505012,WH/E/7/2,57
DBBMGS500001,WH/Z,0
DBBMGS500002,WH/Z,0
DBBMGS500003,WH/Z,0
DBCBCP300501,WH/Z,0
DBCBCP300502,WH/Z,0
DBCBCP300503,WH/Z,0
DBCBCP300504,WH/B/5/3,0
DBCBCP300505,WH/Z,0
DBCBCP300506,WH/B/5/3,4
DBCBCP300507,WH/B/5/3,2
DBCBCP300508,WH/Z,0
DBCBCP300509,WH/B/5/3,0
DBCBCP300510,WH/Z,0
DBCBCP400501,WH/A/8/3,0
DBCBCP400502,WH/Z,0
DBCBCP400503,WH/Z,0
DBCBCP400504,WH/Z,0
DBCBCP400505,WH/Z,0
DBCBCP400506,WH/A/8/3,36
DBCBCP400507,WH/Z,0
DBCBCP400508,WH/Z,0
DBCBCP400509,WH/Z,0
DBCBCP400510,WH/Z,0
DBCBCP400511,WH/Z,0
DBCBCP400512,WH/Z,0
DBCBCP400513,WH/Z,0
DBCBCP400514,WH/Z,0
DBCBCP400515,WH/Z,0
DBCBCP400516,WH/Z,0
DBCBCP400517,WH/Z,0
DBCBCP400518,WH/Z,0
DBCBCP400519,WH/Z,0
DBCBCP400520,WH/Z,0
DBCBCP400521,WH/Z,0
DBCBCP400522,WH/Z,0
DBCBCP400523,WH/Z,0
DBCBCP400524,WH/Z,0
DBCBCP400525,WH/Z,0
DBCBCP400526,WH/Z,0
DBCBCP400527,WH/Z,0
DBCBCP400528,WH/A/8/3,0
DBCBCP400529,WH/Z,0
DBCBCP400530,WH/Z,0
DBCBCP400531,WH/Z,0
DBCBCP400532,WH/Z,0
DBCBCP400533,WH/Z,0
DBCBCP400534,WH/Z,0
DBCBCP400535,WH/Z,0
DBCBCP400536,WH/Z,0
DBCBCP400537,WH/Z,0
DBCBCP400538,WH/Z,0
DBCBCP400539,WH/Z,0
DBCBCP400540,WH/A/8/3,0
DBCBCP400541,WH/Z,0
DBCBCP400542,WH/Z,0
DBCBCP400543,WH/Z,0
DBCBCP400544,WH/Z,0
DBDBAS500801,WH/C/4/4,1971
DBDBAS500802,WH/C/4/4,1299
DBDBAS500803,WH/C/4/4,1123
DBDBAS500804,WH/C/4/4,1285
DBDBAS500805,WH/C/4/4,1315
DBDBAS500806,WH/C/5/4,594
DBDBAS500807,WH/C/4/4,1554
DBDBAS500808,WH/C/5/4,0
DBDBAS500809,WH/C/4/4,2278
DBDBAS500810,WH/C/4/4,1553
DBEVAP505001,WH/Z,0
DBEVAP505002,WH/Z,0
DBEVAP505003,WH/Z,0
DBEVAP505004,WH/Z,0
DBEVAP505005,WH/Z,0
DBEVAP505006,WH/Z,0
DBEVAP505007,WH/Z,0
DBEVAP505008,WH/Z,0
DBEVAP505009,WH/Z,0
DBEVAP505010,WH/Z,0
DBEVAP505011,WH/Z,0
DBKELS500001,WH/Z,0
DBKELS500002,WH/Z,0
DBKELS500003,WH/Z,0
DBKELS500004,WH/Z,0
DBKELS500005,WH/Z,0
DBKELS500006,WH/Z,0
DBKELS500007,WH/Z,0
DBKELS500008,WH/Z,0
DBKELS500009,WH/Z,0
DBKELS500010,WH/Z,0
DBOTIP500101,WH/A/4/2,20
DBOTIP500102,WH/A/4/2,0
DBOTIP500102,WH/Z,55
DBOTIP500103,WH/A/4/2,6
DBOTIP500103,WH/Z,60
DBOTIP500104,WH/A/4/2,4
DBOTIP500104,WH/Z,60
DBOTIP500105,WH/A/4/2,58
DBOTIP500106,WH/A/4/2,53
DBOTIP500107,WH/A/5/2,0
DBOTIP500107,WH/Z,58
DBOTIP500108,WH/A/5/2,0
DBOTIP500108,WH/Z,32
DBOTIP500109,WH/A/5/2,0
DBOTIP500109,WH/Z,38
DBOTIP500110,WH/A/5/2,52
DBOTIP500111,WH/A/5/2,0
DBOTIP500111,WH/Z,57
DBOTIP500112,WH/A/6/2,0
DBOTIP500112,WH/Z,45
DBOTIP500113,WH/A/4/2,58
DBOTIP500114,WH/A/5/2,58
DBOTIP500115,WH/A/6/2,10
DBOTIP500115,WH/Z,60
DBXXLS600001,WH/Z,0
DBXXLS600002,WH/Z,0
DBXXLS600003,WH/Z,0
DBXXLS600004,WH/Z,0
DBXXLS600005,WH/Z,0
DBXXLS600006,WH/Z,0
DBXXLS600007,WH/Z,0
DBXXLS600008,WH/Z,0
DBXXLS600009,WH/Z,0
DBXXLS600010,WH/Z,0
DBXXLS600011,WH/Z,0
DBXXLS600012,WH/Z,0
DBXXLS600013,WH/Z,0
DBXXLS600014,WH/Z,0
DCAPOS500801,WH/Z,0
DCAPOS500802,WH/Z,0
DCAPOS500803,WH/Z,0
DCAPOS500804,WH/Z,0
DCAPOS500805,WH/Z,0
DCAPOS500806,WH/Z,0
DCAPOS500807,WH/Z,0
DCAPOS500808,WH/Z,0
DCAPOS500809,WH/Z,0
DCAPOS500810,WH/Z,0
DCAPOS500811,WH/Z,0
DCAPOS500812,WH/Z,0
DCAPOS500813,WH/Z,0
DCAPOS500814,WH/Z,0
DCAPOS500815,WH/Z,0
DCAPOS500816,WH/Z,0
DCBAFS500801,WH/Z,0
DCBAFS500802,WH/Z,0
DCBAFS500803,WH/Z,0
DCBAFS500804,WH/Z,0
DCBVTS503001,WH/F/5/2,1
DCBVTS503002,WH/F/5/2,84
DCBVTS503003,WH/F/5/1,35
DCBVTS503004,WH/F/5/2,46
DCBVTS503005,WH/F/5/2,76
DCBVTS503006,WH/Z,0
DCBVTS503007,WH/Z,0
DCBVTS503008,WH/F/5/2,60
DCBVTS503009,WH/F/5/2,49
DCBVTS503010,WH/F/5/2,72
DCBVTS503011,WH/F/5/2,0
DCBVTS503012,WH/F/5/1,48
DCBVTS503013,WH/F/5/1,41
DCBVTS503014,WH/F/5/2,56
DCBVTS503015,WH/F/5/2,0
DCBVTS503016,WH/F/5/2,43
DCHRBS501501,WH/E/3/1,0
DCHRBS501502,WH/E/3/1,0
DCHRBS501503,WH/E/3/1,0
DCHRBS501504,WH/E/2/1,0
DCHRBS501505,WH/E/3/1,0
DCHRBS501506,WH/E/3/1,0
DCHRBS501507,WH/E/3/1,0
DCHRBS501508,WH/E/3/1,0
DCHRBS501509,WH/E/4/1,0
DCHRBS501510,WH/E/4/1,95
DCHRBS501511,WH/E/4/1,0
DCHRBS501512,WH/E/4/1,0
DCHRBS501513,WH/E/4/1,0
DCHRBS501514,WH/E/4/1,0
DCHRBS501515,WH/E/2/1,0
DCHRBS501516,WH/E/2/1,0
DCHRBS501517,WH/E/2/1,0
DCHRBS501518,WH/E/4/1,0
DCHRBS501519,WH/E/3/1,0
DCHRBS501520,WH/E/4/1,0
DCHRBS501521,WH/E/4/1,0
DCUPAP500501,WH/Z,0
DCUPAP500502,WH/Z,0
DCUPAP500503,WH/Z,0
DCUPAP500504,WH/Z,0
DCUPAP500505,WH/Z,0
DCUPAP500506,WH/Z,0
DCUPAP500507,WH/Z,0
DCUPAP500508,WH/Z,0
DCUPAP500509,WH/Z,0
DCUPAP500510,WH/Z,0
DDFSKS502501,WH/G/1/3,108
DDFSKS502502,WH/G/1/3,137
DDFSKS502503,WH/G/1/3,607
DDFSKS502504,WH/G/1/3,621
DDFSKS502505,WH/G/1/3,207
DDFSKS502506,WH/G/1/3,0
DDFSKS502507,WH/G/1/3,76
DDFSKS502508,WH/G/2/3,360
DDFSKS502509,WH/G/1/3,327
DDFSKS502510,WH/G/2/3,134
DDFSKS502511,WH/G/1/3,91
DDFSKS502512,WH/G/2/3,631
DDFSKS502513,WH/G/2/3,395
DDFSKS502514,WH/G/2/3,244
DDFSKS502515,WH/G/2/3,110
DDGFBS000001,WH/D/8/4,1280
DDGFBS502001,WH/D/8/4,0
DDGFBS502002,WH/D/8/4,16
DDGFBS502002,WH/D/9/4,100
DDGFBS502002,WH/Z,70
DDGFBS502003,WH/D/8/4,0
DDGFBS502003,WH/D/9/4,100
DDGFBS502003,WH/Z,81
DDGFBS502004,WH/D/8/4,1
DDGFBS502004,WH/D/9/4,100
DDGFBS502004,WH/Z,92
DDGFBS502005,WH/D/8/4,8
DDGFBS502006,WH/D/8/4,21
DDGFBS502006,WH/D/9/4,100
DDGFBS502006,WH/Z,255
DDGFBS502007,WH/D/9/4,0
DDGFBS502007,WH/Z,216
DDGFBS502008,WH/D/9/4,310
DDJSPS504001,WH/F/0/1,88
DDJSPS504002,WH/F/0/3,96
DDJSPS504003,WH/F/0/1,93
DDJSPS504004,WH/F/0/1,84
DDJSPS504005,WH/F/0/1,89
DDJSPS504006,WH/F/0/1,75
DDJSPS504007,WH/F/0/1,89
DDJSPS504008,WH/F/0/1,91
DDJSPS504009,WH/F/0/3,79
DDJSPS504010,WH/F/0/1,73
DDJSPS504011,WH/F/0/1,88
DDPQPP500601,WH/Z,0
DDPQPP500602,WH/Z,0
DDPQPP500603,WH/Z,0
DDPQPP500604,WH/Z,0
DDPQPP500605,WH/Z,0
DDPQPP500606,WH/Z,0
DDPQPP500607,WH/Z,0
DDPQPP500608,WH/Z,0
DDPQPP500609,WH/Z,0
DDPQPP500610,WH/Z,0
DDPQPP500611,WH/Z,0
DDRSMS500101,WH/C/5/3,0
DDRSMS500102,WH/C/5/3,0
DDRSMS500103,WH/C/5/3,62
DDRSMS500104,WH/C/5/3,0
DDRSMS500105,WH/C/5/3,0
DDRSMS500106,WH/Z,0
DDRSMS500107,WH/Z,0
DDRSMS500108,WH/Z,0
DDRSMS500109,WH/C/5/3,0
DDRSMS500110,WH/Z,0
DDRSMS500111,WH/C/5/3,0
DDUVAS500801,WH/Z,0
DDUVAS500802,WH/Z,0
DDUVAS500803,WH/A/1/4,10
DDUVAS500804,WH/A/1/4,53
DDUVAS500805,WH/A/1/4,0
DDUVAS500806,WH/Z,0
DDUVAS500807,WH/A/1/4,1
DDUVAS500808,WH/A/1/4,0
DDUVAS500809,WH/A/1/4,0
DDUVAS500810,WH/A/1/4,15
DDUVAS500811,WH/Z,0
DDUVAS500812,WH/B/1/4,23
DDUVAS500813,WH/Z,0
DDUVAS500814,WH/A/1/4,6
DDUVAS500815,WH/Z,0
DDUVAS500816,WH/Z,0
DDUVAS500817,WH/A/1/4,46
DDUVAS500818,WH/Z,0
DDUVAS500819,WH/Z,0
DDZEGP500301,WH/Z,5
DDZEGP500302,WH/Z,4
DDZEGP500303,WH/Z,9
DDZEGP500304,WH/Z,1
DDZEGP500305,WH/Z,2
DDZEGP500306,WH/Z,4
DEBAQP500001,WH/Z,0
DEBAQP500002,WH/Z,0
DEBAQP500003,WH/Z,0
DEBAQP500004,WH/Z,0
DEBAQP500005,WH/Z,0
DEBARP000501,WH/Z,0
DEBARP000502,WH/Z,0
DEBARP000503,WH/Z,0
DEBARP000504,WH/Z,0
DEBARP000505,WH/Z,0
DEBARP000506,WH/Z,0
DEBARP000507,WH/Z,0
DEBARP000508,WH/Z,0
DEBARP000509,WH/Z,0
DEBARP000510,WH/Z,0
DEBCNP500001,WH/Z,0
DEBCNP500002,WH/Z,0
DEBCNP500003,WH/Z,0
DEBEBP000501,WH/Z,0
DEBEBP000502,WH/Z,0
DEBEBP000503,WH/Z,0
DEBEBP000504,WH/Z,0
DEBEBP000505,WH/Z,0
DEBEBP000506,WH/Z,0
DEBEBP000507,WH/Z,0
DEBEBP000508,WH/Z,0
DEBEBP000509,WH/Z,0
DEBEBP000510,WH/Z,0
DEBEBP300501,WH/Z,0
DEBEBP300502,WH/Z,0
DEBEBP300503,WH/Z,0
DEBEBP300504,WH/Z,0
DEBEBP300505,WH/Z,0
DEBEBP300506,WH/Z,0
DEBEBP300507,WH/Z,0
DEBEBP300508,WH/Z,0
DEBEBP300509,WH/Z,0
DEBEBP300510,WH/Z,0
DEBEBP300511,WH/Z,0
DEBEBP300512,WH/Z,0
DEBEBP300513,WH/Z,0
DEBEBP300514,WH/Z,0
DEBEBP300515,WH/Z,0
DEBEBP300516,WH/Z,0
DEBEBP400501,WH/Z,0
DEBEBP400502,WH/Z,0
DEBEBP400503,WH/Z,0
DEBEBP400504,WH/Z,0
DEBEBP400504,WH/Z,0
DEBEBP400505,WH/Z,0
DEBEBP400506,WH/F/6/1,0
DEBEBP400507,WH/A/9/4,0
DEBEBP400508,WH/Z,0
DEBEBP400509,WH/Z,0
DEBEBP400510,WH/Z,0
DEBEBP400511,WH/Z,0
DEBEBP400512,WH/Z,0
DEBEBP400513,WH/Z,0
DEBEBP400514,WH/Z,0
DEBEBP400515,WH/Z,0
DEBEBP400516,WH/F/6/2,0
DEBEBP400517,WH/Z,0
DEBEBP400518,WH/Z,0
DEBEBP400519,WH/Z,0
DEBEBP400520,WH/Z,0
DEBEBP400521,WH/Z,0
DEBEBP400522,WH/Z,0
DEBEBP400523,WH/Z,0
DEBEBP400524,WH/Z,0
DEBEBP400525,WH/Z,0
DEBEBP400526,WH/Z,0
DEBEBP400527,WH/Z,0
DEBEBP400528,WH/Z,0
DEBEBP400529,WH/Z,0
DEBEBP400530,WH/Z,0
DEBEBP400532,WH/F/6/2,0
DEBEBP400533,WH/Z,17
DEBEBP400534,WH/A/9/4,9
DEBEBP400535,WH/K/1/3,33
DEBEBP400536,WH/Z,0
DEBEBP400537,WH/A/9/4,0
DEBEBP400537,WH/Z,0
DEBEBP400538,WH/Z,0
DEBEBP400539,WH/Z,0
DEBEBP400540,WH/Z,0
DEBEBP400541,WH/Z,0
DEBEBP400542,WH/Z,0
DEBEBP400543,WH/Z,0
DEBEBP400544,WH/Z,0
DEBEBP400545,WH/A/9/4,0
DEBEBP400545,WH/Z,0
DEBEBP500501,WH/Z,0
DEBEBP500502,WH/Z,0
DEBEBP500503,WH/Z,0
DEBEBP500504,WH/Z,0
DEBEBP500505,WH/Z,0
DEBEBP500506,WH/Z,0
DEBEBP500507,WH/K/1/4,6
DEBEBP500508,WH/Z,0
DEBEBP500509,WH/Z,0
DEBEBP500510,WH/Z,0
DEBEBP500511,WH/Z,0
DEBEBP500512,WH/Z,0
DEBEBP500513,WH/Z,0
DEBEBP500514,WH/Z,0
DEBEBP500515,WH/Z,0
DEBEBP500516,WH/Z,6
DEBEBP500517,WH/Z,0
DEBEBP500518,WH/Z,0
DEBEBP500519,WH/Z,0
DEBEBP500520,WH/P,0
DEBEBP500521,WH/Z,0
DEBEBP500522,WH/Z,0
DEBEBP500523,WH/Z,0
DEBEBP500524,WH/Z,2
DEBEBP500525,WH/Z,0
DEBEBP500526,WH/Z,0
DEBEBP500527,WH/Z,0
DEBEBP500528,WH/Z,0
DEBEBP500529,WH/Z,0
DEBEBP500530,WH/Z,0
DEBEBP500531,WH/Z,0
DEBEBP500532,WH/Z,0
DEBLEP500501,WH/Z,0
DEBLEP500502,WH/Z,0
DEBLEP500503,WH/Z,0
DEBLEP500504,WH/Z,0
DEBLEP500505,WH/Z,0
DEBLEP500506,WH/Z,0
DEBLEP500507,WH/Z,0
DEBLEP500508,WH/Z,0
DEBLEP500509,WH/Z,0
DEBLEP500511,WH/Z,0
DEBLEP500512,WH/Z,0
DEBLEP500513,WH/Z,0
DEBLEP500514,WH/Z,0
DEBLEP500515,WH/Z,0
DEBLEP500516,WH/Z,0
DEBMGP00001,WH/Z,0
DEBMGP00002,WH/Z,0
DEBMGP00003,WH/Z,0
DEBMGP00004,WH/Z,0
DEBMGP00005,WH/Z,0
DEBMGP00006,WH/Z,0
DEBTE500503,WH/Z,0
DEBTE500504,WH/Z,0
DEBTE500505,WH/Z,0
DEBTE500506,WH/Z,0
DEBTE500507,WH/Z,0
DEBTE500508,WH/Z,0
DEBTE500509,WH/Z,0
DEBTE500511,WH/Z,0
DEBTE500513,WH/Z,0
DEBTE500514,WH/Z,0
DEBTE500515,WH/Z,0
DEBTE500601,WH/Z,0
DEBTE500602,WH/Z,0
DEBTE500603,WH/Z,0
DEBTE500604,WH/C/4/4,0
DEBTE500605,WH/Z,0
DEBTE500606,WH/Z,0
DEBTE500607,WH/Z,0
DEBTE500608,WH/Z,0
DEBTE500609,WH/Z,0
DEBTE500610,WH/Z,0
DEBTE500611,WH/Z,0
DEBTE500612,WH/Z,0
DEBTE500613,WH/Z,0
DEBTE500614,WH/Z,0
DEBTE50A0501,WH/Z,0
DEBULP500501,WH/Z,0
DEBULP500501,WH/Z,0
DEBULP500502,WH/Z,0
DEBULP500503,WH/Z,0
DEBULP500503,WH/Z,0
DEBULP500504,WH/Z,0
DEBULP500505,WH/Z,0
DEBULP500506,WH/Z,0
DEBULP500506,WH/Z,0
DEBULP500507,WH/Z,0
DEBULP500507,WH/Z,0
DEBULP500508,WH/Z,0
DEBULP500508,WH/Z,0
DEBULP500509,WH/Z,0
DEBULP500510,WH/Z,0
DEBULP500511,WH/Z,0
DEBULP500513,WH/Z,0
DEBULP500513,WH/Z,0
DEBULP500514,WH/Z,0
DEBULP500515,WH/Z,0
DEBULS500512,WH/Z,0
DECBCP400501,WH/Z,0
DECBCP400502,WH/Z,0
DECBCP400503,WH/Z,0
DECBCP400504,WH/Z,0
DECBCP400505,WH/Z,0
DECBCP400506,WH/Z,0
DECBCP400507,WH/Z,0
DECBCP400508,WH/P,0
DECBCP500501,WH/Z,20
DECBCP500502,WH/Z,18
DECBCP500503,WH/Z,17
DECBCP500504,WH/F/6/1,0
DECBCP500505,WH/F/6/1,7
DECBCP500506,WH/P,0
DEEBT400601,WH/A/4/1,50
DEEBT400602,WH/A/4/1,29
DEEBT400603,WH/A/5/1,49
DEEBT400604,WH/A/4/1,42
DEEBT400605,WH/A/4/1,43
DEEBT400606,WH/A/4/1,33
DEEBT400606,WH/Z,40
DEEBT400607,WH/A/4/1,13
DEEBT400607,WH/Z,40
DEEBT400608,WH/A/4/1,30
DEEBT400609,WH/A/5/1,32
DEEBT400610,WH/A/5/1,25
DEEBT400611,WH/A/4/1,54
DEEBT400612,WH/A/5/1,60
DEFAMP500501,WH/Z,0
DEFAMP500502,WH/Z,0
DEFAMP500503,WH/Z,0
DEFAMP500504,WH/Z,0
DEFAMP500505,WH/Z,0
DEFAMP500506,WH/Z,0
DEFAMP500507,WH/Z,0
DEFAMP500508,WH/Z,0
DEFAMP500509,WH/Z,0
DEFAMP500510,WH/Z,0
DEFAMP500511,WH/Z,0
DEFAMP500512,WH/Z,0
DEFAMP500513,WH/Z,0
DEFAMP500514,WH/Z,0
DEFAMP500515,WH/Z,0
DEFAMP500516,WH/Z,0
DEFAMP500517,WH/Z,0
DEFAMP500518,WH/Z,0
DEFAMP500519,WH/Z,0
DEFAMP500520,WH/Z,0
DEFAMP500521,WH/Z,0
DEFAMP500522,WH/Z,0
DEFAMP500523,WH/Z,0
DEFAMP500524,WH/Z,0
DEFAMP500525,WH/Z,0
DEFAMP500526,WH/Z,0
DEFAMP500527,WH/Z,0
DEFUKS500201,WH/E/4/3,54
DEFUKS500201,WH/Z,90
DEFUKS500202,WH/E/4/3,23
DEFUKS500202,WH/Z,75
DEFUKS500203,WH/E/4/3,57
DEFUKS500203,WH/Z,75
DEFUKS500204,WH/E/4/3,53
DEFUKS500204,WH/Z,85
DEFUKS500205,WH/E/4/3,54
DEFUKS500205,WH/Z,85
DEFUKS500206,WH/E/4/3,48
DEFUKS500206,WH/Z,90
DEFUKS500207,WH/E/4/3,69
DEFUKS500207,WH/Z,90
DEFUKS500208,WH/E/4/3,30
DEFUKS500208,WH/Z,75
DEFUKS500209,WH/E/5/3,45
DEFUKS500209,WH/Z,65
DEFUKS500210,WH/E/4/3,114
DEFUKS500210,WH/Z,75
DEFVPP500701,WH/Z,0
DEFVPP500718,WH/Z,0
DEFVPS501201,WH/B/2/4,5
DEFVPS501202,WH/B/2/4,0
DEFVPS501203,WH/B/2/4,0
DEFVPS501204,WH/B/2/4,0
DEFVPS501205,WH/B/2/4,16
DEFVPS501206,WH/B/2/4,0
DEFVPS501207,WH/B/2/4,0
DEFVPS501207,WH/Z,0
DEFVPS501208,WH/B/2/4,0
DEFVPS501209,WH/B/2/4,0
DEFVPS501210,WH/B/2/4,0
DEFVPS501801,WH/G/2/3,29
DEFVPS501802,WH/G/2/3,7
DEFVPS501803,WH/G/2/3,27
DEFVPS501804,WH/G/3/3,25
DEFVPS501805,WH/G/3/3,16
DEFVPS501806,WH/G/3/3,18
DEFVPS501807,WH/G/3/3,17
DEFVPS501808,WH/G/3/3,18
DEFVPS501809,WH/Z,0
DEFVPS501810,WH/G/3/3,20
DEFVPS501811,WH/G/3/3,25
DEFVPS501812,WH/G/3/3,24
DEFVPS501813,WH/G/3/3,18
DEFVPS501814,WH/G/3/3,9
DEFVRS500701,WH/C/7/3,0
DEFVRS500701,WH/Z,0
DEFVRS500702,WH/C/7/3,72
DEFVRS500702,WH/Z,35
DEFVRS500703,WH/C/7/3,61
DEFVRS500703,WH/Z,42
DEFVRS500704,WH/C/7/3,58
DEFVRS500704,WH/Z,45
DEFVRS500705,WH/D/6/2,0
DEFVRS500706,WH/C/8/3,45
DEFVRS500706,WH/Z,35
DEFVRS500707,WH/D/6/2,0
DEFVRS500708,WH/D/6/2,0
DEFVRS500709,WH/D/6/2,0
DEFVRS500710,WH/C/8/3,42
DEFVRS500710,WH/Z,28
DEFVRS500711,WH/C/7/3,37
DEFVRS500712,WH/C/7/3,35
DEFVRS500713,WH/C/7/3,4
DEFVRS500714,WH/C/7/3,40
DEFVRS500715,WH/C/8/3,24
DEFVRS500716,WH/C/8/3,10
DEFVRS500717,WH/C/8/3,2
DEFVRS500718,WH/C/8/3,5
DEFVRS500719,WH/C/8/3,38
DEFVRS500720,WH/C/8/3,8
DEFVRS500721,WH/C/8/3,24
DEFVRS500722,WH/C/8/3,88
DEFVRS500723,WH/C/8/3,22
DEFVRS503001,WH/G/7/2,0
DEFVRS503001,WH/Z,0
DEFVRS503002,WH/G/7/2,0
DEFVRS503002,WH/Z,0
DEFVRS503003,WH/G/7/2,0
DEFVRS503003,WH/Z,3
DEFVRS503004,WH/G/7/2,0
DEFVRS503004,WH/Z,14
DEFVRS503005,WH/G/7/2,0
DEFVRS503005,WH/Z,1
DEFVRS503006,WH/C/4/4,0
DEFVRS503006,WH/Z,0
DEFVRS503007,WH/G/7/2,0
DEFVRS503007,WH/Z,15
DEFVRS503008,WH/G/3/3,32
DEFVRS503008,WH/Z,30
DEFVRS503009,WH/C/4/4,59
DEFVRS503009,WH/Z,30
DEFVRS503010,WH/G/8/2,0
DEFVRS503010,WH/Z,0
DEFVRS503011,WH/G/8/2,64
DEFVRS503011,WH/Z,26
DEFVRS503012,WH/G/7/2,0
DEFVRS503013,WH/G/8/2,0
DEFVRS503013,WH/Z,0
DEFVRS503014,WH/G/8/2,0
DEFVRS503014,WH/Z,1
DEFVRS503015,WH/G/8/2,0
DEFVRS503015,WH/Z,0
DELCUP500501,WH/Z,3
DELCUP500502,WH/Z,1
DELCUP500503,WH/Z,1
DELCUP500504,WH/Z,7
DELFBP000001,WH/Z,0
DELFBP000002,WH/Z,0
DELFBP000003,WH/Z,0
DELFBP000004,WH/Z,0
DELFBP000005,WH/Z,0
DELFBP000006,WH/Z,0
DELFBP000007,WH/Z,0
DELFBP000008,WH/Z,0
DELFBP000009,WH/Z,0
DELFBP000010,WH/Z,0
DELFBP000011,WH/Z,0
DELFBP000012,WH/Z,0
DELFBP000013,WH/Z,0
DELFBP000014,WH/Z,0
DELFBP000015,WH/Z,0
DELFBP000016,WH/Z,0
DELFBP000017,WH/Z,0
DELFBP000018,WH/Z,0
DELFBP000019,WH/Z,0
DELFBP000020,WH/Z,0
DELFBP000021,WH/Z,0
DELFBP000022,WH/Z,0
DELFBP000023,WH/Z,0
DELFBP000024,WH/Z,0
DELFBP000025,WH/Z,0
DELFBP000026,WH/Z,0
DELFBP000027,WH/Z,0
DELFBP000028,WH/Z,0
DELFBP000029,WH/Z,0
DELFBP000030,WH/Z,0
DELFBP000031,WH/Z,0
DELFBP000032,WH/Z,0
DELFBP000033,WH/Z,0
DELFBP000034,WH/Z,0
DELFBP000035,WH/Z,0
DELFBP000036,WH/Z,0
DELFBP000037,WH/Z,0
DELFBP000038,WH/Z,0
DELFBP000039,WH/Z,0
DELFBP000040,WH/Z,0
DELFBP000041,WH/Z,0
DELFBP000042,WH/Z,0
DELFBP000043,WH/Z,0
DELFBP000044,WH/Z,0
DELFBP000045,WH/Z,0
DELFBP000046,WH/Z,0
DELFBP000047,WH/Z,0
DELFBP000048,WH/Z,0
DELFBP000049,WH/Z,0
DELFBP000050,WH/Z,0
DELFBP000051,WH/Z,0
DELFBP000052,WH/Z,0
DELFBP000053,WH/Z,0
DELFBP000054,WH/Z,0
DELFBP000055,WH/Z,0
DELFBP000056,WH/Z,0
DELFBP000057,WH/Z,0
DELFBP000058,WH/Z,0
DELFBP000059,WH/Z,0
DELFBP000060,WH/Z,0
DELFBP000061,WH/Z,0
DELFBP000062,WH/Z,0
DELFBP000063,WH/Z,0
DELFBP000064,WH/Z,0
DELFBP000065,WH/Z,0
DELFBP000066,WH/Z,0
DELFBP000067,WH/Z,0
DELFBP000068,WH/Z,0
DELFBP000069,WH/Z,0
DELFBP000070,WH/Z,0
DELFBP000071,WH/Z,0
DELFBP000072,WH/Z,0
DELFBP300501,WH/Z,0
DELFBP300502,WH/Z,0
DELFBP300503,WH/Z,0
DELFBP300504,WH/Z,0
DELFBP300505,WH/Z,0
DELFBP300506,WH/Z,0
DELFBP300507,WH/Z,0
DELFBP300508,WH/Z,0
DELFBP300509,WH/Z,0
DELFBP300510,WH/F/6/3,20
DELFBP300512,WH/Z,0
DELFBP300514,WH/Z,0
DELFBP300518,WH/Z,0
DELFBP300520,WH/Z,0
DELFBP300521,WH/Z,0
DELFBP300522,WH/Z,0
DELFBP300523,WH/Z,0
DELFBP300524,WH/Z,0
DELFBP300525,WH/Z,0
DELFBP300526,WH/F/6/3,4
DELFBP300527,WH/Z,0
DELFBP300528,WH/Z,0
DELFBP300529,WH/Z,0
DELFBP300530,WH/Z,0
DELFBP300531,WH/Z,0
DELFBP300532,WH/Z,0
DELFBP300533,WH/Z,0
DELFBP300534,WH/Z,0
DELFBP300535,WH/Z,0
DELFBP300536,WH/B/5/3,0
DELFBP300537,WH/Z,0
DELFBP300538,WH/Z,0
DELFBP300539,WH/Z,0
DELFBS000001,WH/Z,0
DELFBS000002,WH/Z,0
DELFBS000003,WH/Z,0
DELFBS000004,WH/Z,0
DELFBS000005,WH/Z,0
DELFBS300510,WH/Z,0
DELFBS300523,WH/Z,0
DELFBS300526,WH/Z,0
DELTAP300501,WH/Z,0
DELTAP300502,WH/Z,0
DELTAP300503,WH/Z,0
DELTAP300504,WH/Z,0
DELTAP300505,WH/Z,0
DELTAP300506,WH/Z,0
DELTAP300507,WH/Z,0
DELTAP300508,WH/Z,0
DELTAP300509,WH/Z,0
DELTAP300510,WH/Z,0
DELTAP300511,WH/Z,0
DELTAP300512,WH/Z,0
DELTAP500501,WH/Z,0
DELTAP500502,WH/Z,0
DELTAP500503,WH/Z,0
DELTAP500504,WH/Z,0
DELTAP500505,WH/Z,0
DELTAP500506,WH/Z,0
DELTAP500507,WH/Z,0
DELTAP500508,WH/Z,0
DELTAP500509,WH/Z,0
DELTAP500510,WH/Z,0
DELTAP500511,WH/Z,0
DELTAP500512,WH/Z,0
DELTAP500513,WH/Z,0
DELTAS500501,WH/Z,0
DELTAS500502,WH/Z,0
DELTAS500504,WH/Z,0
DELTAS500505,WH/Z,0
DELTAS500506,WH/Z,0
DELTAS500507,WH/Z,0
DELTAS500508,WH/Z,0
DELTAS500509,WH/Z,0
DELTAS500510,WH/Z,0
DELTAS500511,WH/Z,0
DELTAS500512,WH/Z,0
DELTAS500513,WH/Z,0
DELUXS500101,WH/C/5/3,0
DELUXS500101,WH/Z,0
DELUXS500102,WH/C/4/3,0
DELUXS500102,WH/Z,217
DELUXS500103,WH/C/4/3,0
DELUXS500103,WH/Z,198
DELUXS500104,WH/C/5/3,0
DELUXS500104,WH/Z,0
DELUXS500105,WH/C/4/3,0
DELUXS500105,WH/Z,209
DELUXS500106,WH/C/5/3,0
DELUXS500106,WH/Z,154
DELUXS500107,WH/C/5/3,10
DELUXS500107,WH/Z,0
DELUXS500108,WH/C/5/3,0
DELUXS500108,WH/Z,155
DELUXS500109,WH/C/5/3,0
DELUXS500109,WH/Z,157
DELUXS500110,WH/C/5/3,0
DELUXS500110,WH/Z,191
DENBAP500601,WH/Z,0
DENBAP500602,WH/Z,0
DENBAP500603,WH/Z,0
DENBAP500604,WH/Z,0
DENBAP500605,WH/Z,0
DENBAP500606,WH/Z,0
DENBAP500607,WH/Z,0
DENBAP500608,WH/Z,0
DENBAP500609,WH/Z,0
DENBAP500610,WH/Z,0
DENBAP500611,WH/Z,0
DENBAP500612,WH/Z,0
DENCPP500601,WH/Z,0
DENCPP500602,WH/Z,0
DENCPP500603,WH/Z,0
DENCPP500604,WH/Z,0
DENCPP500605,WH/Z,0
DENCPP500606,WH/Z,0
DENCPP500607,WH/Z,0
DENCPP500608,WH/Z,0
DENCPP500609,WH/Z,0
DENCPP500610,WH/Z,0
DENCPP500611,WH/Z,0
DENCPP500612,WH/Z,0
DESBAP500001,WH/Z,0
DESBAP500002,WH/Z,0
DESBAP500003,WH/Z,0
DESBAP500004,WH/Z,0
DESBAP500005,WH/Z,0
DESBAP500006,WH/Z,0
DESBAP500007,WH/Z,0
DESBAP500008,WH/Z,0
DESBAP500009,WH/Z,0
DESBAP500010,WH/Z,0
DESBAP500011,WH/Z,0
DESBAP500012,WH/Z,0
DESBAP500013,WH/Z,0
DESBAP500014,WH/Z,0
DESBAP500015,WH/Z,0
DESBAP500016,WH/Z,0
DESBAP500017,WH/Z,0
DESBAP500018,WH/Z,0
DESBAP500019,WH/Z,0
DESBAP500020,WH/Z,0
DESBAP500021,WH/Z,0
DESBAP500022,WH/Z,0
DESBAP500023,WH/Z,0
DETBXS500601,WH/Z,0
DETBXS500602,WH/Z,0
DETBXS500603,WH/Z,0
DETBXS500604,WH/Z,0
DETBXS500605,WH/A/8/4,0
DETBXS500606,WH/Z,0
DETBXS500607,WH/A/8/4,0
DETBXS500608,WH/Z,0
DETBXS500609,WH/A/8/4,0
DETBXS500610,WH/Z,0
DETBXS500611,WH/Z,0
DETBXS500612,WH/Z,0
DETBXS500613,WH/Z,0
DETBXS500614,WH/Z,0
DETBXS500615,WH/Z,0
DEXAZS400901,WH/A/9/3,0
DEXAZS400902,WH/A/8/3,24
DEXAZS400903,WH/A/9/3,5
DEXAZS400904,WH/A/9/3,28
DEXAZS400905,WH/A/9/3,4
DEXAZS400906,WH/A/9/3,0
DEXAZS400907,WH/A/8/3,27
DEXFUS500201,WH/E/4/4,0
DEXFUS500201,WH/Z,9
DEXFUS500202,WH/E/4/4,0
DEXFUS500202,WH/Z,17
DEXFUS500203,WH/E/4/4,0
DEXFUS500203,WH/Z,25
DEXFUS500204,WH/E/4/4,0
DEXFUS500204,WH/Z,18
DEXFUS500205,WH/E/4/4,0
DEXFUS500205,WH/Z,3
DEXFUS500206,WH/E/4/4,0
DEXFUS500206,WH/Z,34
DEXFUS500207,WH/E/4/4,60
DEXFUS500207,WH/Z,25
DEXFUS500208,WH/E/4/4,0
DEXFUS500208,WH/Z,8
DEXFUS500209,WH/E/4/4,13
DEXFUS500209,WH/Z,25
DEXFUS500210,WH/E/4/4,0
DEXFUS500210,WH/Z,24
DEZEES500501,WH/D/4/3,0
DEZEES500502,WH/Z,0
DEZEES500503,WH/Z,0
DEZEES500504,WH/D/4/3,0
DEZEES500505,WH/D/4/3,0
DEZEES500506,WH/Z,0
DEZEES500507,WH/Z,0
DEZEES500508,WH/D/4/3,0
DEZEES500509,WH/D/4/3,0
DEZEES500510,WH/D/4/3,0
DEZEES500511,WH/D/4/3,0
DEZEES500512,WH/Z,0
DEZEES500513,WH/D/4/3,0
DEZSBS500601,WH/D/4/1,0
DEZSBS500602,WH/D/4/1,0
DEZSBS500603,WH/C/3/4,0
DEZSBS500603,WH/D/4/1,62
DEZSBS500604,WH/Z,0
DEZSBS500605,WH/Z,0
DEZSBS500606,WH/Z,0
DEZSBS500607,WH/Z,0
DEZSBS500608,WH/D/4/1,0
DEZSBS500609,WH/Z,0
DEZSBS500610,WH/D/4/1,0
DEZSBS500611,WH/D/4/1,0
DEZSBS500612,WH/Z,0
DEZSBS500613,WH/D/4/1,0
DEZSBS500614,WH/Z,0
DFBHHS500201,WH/F/2/4,81
DFBHHS500202,WH/F/2/4,110
DFBHHS500203,WH/F/2/4,0
DFBHHS500203,WH/Z,199
DFBHHS500204,WH/F/2/4,0
DFBHHS500204,WH/Z,200
DFBHHS500205,WH/F/2/4,0
DFBHHS500206,WH/F/2/4,0
DFBHHS500206,WH/Z,174
DFBLXS500201,WH/C/5/2,3936
DFBLXS500202,WH/C/5/2,3682
DFBLXS500203,WH/C/5/2,3889
DFBLXS500204,WH/C/5/2,4010
DFBLXS500205,WH/C/5/2,3750
DFBLXS500206,WH/C/5/2,4065
DFBLXS500207,WH/C/5/2,3616
DFBLXS500208,WH/C/5/2,3612
DFBLXS500209,WH/C/5/2,3619
DFBLXS500210,WH/C/5/2,3837
DFBLXS500211,WH/C/5/1,3956
DFBLXS500212,WH/C/5/1,3918
DFBLXS500213,WH/C/5/1,3953
DFBLXS500214,WH/C/5/1,3773
DFBLXS500215,WH/C/5/1,3846
DFBLXS500216,WH/C/5/1,8651
DFBLXS500217,WH/C/5/1,2424
DFFLAP500001,WH/Z,0
DFFLAP500002,WH/Z,0
DFFLAP500003,WH/Z,0
DFFLAP500004,WH/Z,0
DFFLAP500005,WH/Z,0
DFFLAP500006,WH/Z,0
DFFLAP500007,WH/Z,0
DFFLAP500008,WH/Z,0
DFFLOP500001,WH/Z,0
DFFLOP500002,WH/Z,0
DFFLOP500003,WH/Z,0
DFFLOP500004,WH/Z,0
DFFLOP500005,WH/Z,0
DFFLOP500006,WH/Z,0
DFFLOP500007,WH/Z,0
DFFLOP500008,WH/Z,0
DFFLOP500009,WH/Z,0
DFFLOP500010,WH/Z,0
DFFLOP500011,WH/Z,0
DFFLOP500012,WH/Z,0
DFFLOP500013,WH/Z,0
DFFLOP500014,WH/Z,0
DFFLOP500015,WH/A/4/4,0
DFFLOP500016,WH/Z,0
DFFLOP500017,WH/Z,0
DFFLOP500018,WH/A/4/4,4
DFFLOP500019,WH/Z,0
DFFLOP500020,WH/Z,0
DFFLOP500021,WH/Z,0
DFFLOP500022,WH/Z,0
DFFLOP500023,WH/Z,0
DFFLOP500024,WH/Z,0
DFFLOP500025,WH/Z,0
DFFLOP500026,WH/Z,0
DFFLOP500027,WH/Z,0
DFFLOP500028,WH/Z,0
DFFLOP500029,WH/A/4/4,0
DFFLOP500029,WH/Z,1
DFFLOP500030,WH/Z,0
DFFLOP500031,WH/Z,0
DFFLOP500032,WH/Z,0
DFFLOP500033,WH/Z,0
DFFLOP500034,WH/Z,1
DFFLOP500035,WH/Z,0
DFFLOP500036,WH/Z,0
DFFLOP500037,WH/A/4/4,3
DFFLOP500038,WH/A/4/4,1
DFFLOP500039,WH/Z,0
DFGIOP500001,WH/Z,0
DFGIOP500002,WH/Z,0
DFGIOP500003,WH/Z,0
DFGIOP500004,WH/Z,0
DFGIOP500005,WH/A/5/4,5
DFGIOP500006,WH/A/5/4,0
DFGIOP500007,WH/Z,0
DFGIOP500008,WH/A/5/4,0
DFGIOP500009,WH/Z,0
DFGIOP500010,WH/Z,0
DFIFTS500601,WH/F/2/3,26
DFIFTS500602,WH/F/2/3,102
DFIFTS500603,WH/F/2/3,95
DFIFTS500604,WH/F/2/2,0
DFIFTS500605,WH/F/2/3,0
DFIFTS500606,WH/F/2/1,0
DFIFTS500607,WH/F/2/1,66
DFIFTS500608,WH/F/1/3,75
DFIFTS500609,WH/F/2/1,0
DFIFTS500610,WH/F/2/3,104
DFIFTS500611,WH/F/2/2,0
DFIFTS500612,WH/F/2/3,30
DFIFTS500613,WH/F/2/2,145
DFIFTS500614,WH/F/2/3,0
DFIFTS500615,WH/Z,0
DFIFTS500616,WH/F/1/3,80
DFIFTS500617,WH/F/1/3,0
DFIFTS500618,WH/F/1/3,0
DFIFTS500619,WH/F/2/3,12
DFIFTS500620,WH/Z,0
DFIPUS500301,WH/Z,0
DFIPUS500302,WH/Z,0
DFIPUS500303,WH/Z,0
DFIPUS500304,WH/Z,0
DFIREP500301,WH/G/6/3,0
DFKLDP500701,WH/A/2/2,3
DFKLDP500702,WH/Z,0
DFKLDP500703,WH/A/2/2,11
DFKLDP500704,WH/Z,0
DFKLDP500705,WH/Z,0
DFKLDP500706,WH/A/2/2,0
DFKLDP500707,WH/A/2/2,0
DFKLDP500708,WH/A/2/2,0
DFKLDP500709,WH/A/2/2,1
DFKLDP500710,WH/A/2/2,0
DFKLDP500711,WH/A/2/2,2
DFKLDP500712,WH/A/3/2,16
DFKLDP500713,WH/A/3/3,6
DFKLDP500714,WH/A/3/2,0
DFKLDP500715,WH/A/3/2,0
DFKLDP500716,WH/A/3/3,22
DFKLDP500717,WH/A/3/3,31
DFKLDP500718,WH/A/3/2,9
DFKLDP500719,WH/A/3/2,5
DFKLDP500720,WH/Z,22
DFKLDP500721,WH/A/3/2,17
DFKLDP500722,WH/A/3/2,12
DFKRBP400301,WH/Z,0
DFKRBP400302,WH/Z,0
DFKRBP400304,WH/Z,0
DFKRBP400701,WH/Z,0
DFKRBP400702,WH/Z,0
DFKRBP400703,WH/Z,0
DFKRBP400704,WH/Z,0
DFKRBP400705,WH/Z,0
DFKRBP400706,WH/Z,0
DFKRBP400707,WH/B/6/4,0
DFKRBP400708,WH/Z,0
DFKRBP400709,WH/Z,0
DFKRBP400710,WH/Z,0
DFKRBP400711,WH/C/4/3,0
DFKRBP400712,WH/Z,0
DFKRBP400713,WH/Z,0
DFKRBP400714,WH/Z,0
DFKRBP400715,WH/B/6/4,28
DFKRBP400716,WH/C/4/3,0
DFKRBP400717,WH/Z,0
DFKRBP400718,WH/C/4/3,1
DFKRBP400719,WH/B/6/4,26
DFKRBP500701,WH/C/4/3,28
DFKRBP500702,WH/Z,0
DFKRBP500703,WH/Z,0
DFKRBP500704,WH/Z,0
DFKRBP500705,WH/Z,0
DFKRBP500706,WH/Z,0
DFKRBP500707,WH/Z,0
DFKRBP500708,WH/Z,0
DFKRBP500709,WH/Z,0
DFKRBP500710,WH/Z,0
DFKRBP500711,WH/C/4/3,0
DFKRBP500712,WH/Z,0
DFKRBP500713,WH/C/4/3,69
DFKRBP500714,WH/Z,0
DFKRBP500715,WH/Z,0
DFKRPP500701,WH/Z,0
DFKRPP500702,WH/Z,0
DFKRPP500703,WH/Z,0
DFKRPP500704,WH/Z,0
DFKRPP500705,WH/Z,0
DFKRPP500706,WH/Z,0
DFKRPP500707,WH/Z,0
DFKRPP500708,WH/Z,0
DFKRPP500709,WH/Z,0
DFKRPP500710,WH/Z,0
DFKRPP500711,WH/Z,0
DFKRPP500712,WH/Z,0
DFKRPP500713,WH/Z,0
DFKRPP500714,WH/Z,0
DFKRPP500715,WH/Z,0
DFLBEP500201,WH/Z,0
DFLBEP500202,WH/Z,0
DFLBEP500203,WH/Z,0
DFLBEP500204,WH/Z,0
DFLBEP500205,WH/Z,0
DFLBES500201,WH/E/1/1,499
DFLBES500202,WH/E/1/1,516
DFLBES500203,WH/E/1/1,517
DFLBES500204,WH/E/1/1,512
DFLBES500205,WH/E/1/1,485
DFLGFP500001,WH/Z,0
DFLMIP500801,WH/G/6/3,2
DFLMIP500802,WH/Z,0
DFLMIP500803,WH/Z,0
DFLMIP500804,WH/Z,0
DFLMIP500805,WH/G/7/3,19
DFLMIP500806,WH/Z,0
DFLMIP500807,WH/G/6/3,2
DFLMIP500808,WH/Z,0
DFLMIP500809,WH/Z,0
DFLMIP500810,WH/G/7/3,5
DFLMLS500201,WH/C/1/3,88
DFLMLS500202,WH/C/1/3,60
DFLMLS500203,WH/C/1/3,45
DFLMLS500204,WH/C/1/2,0
DFLMLS500204,WH/Z,39
DFLMLS500205,WH/C/1/2,0
DFLMLS500205,WH/Z,48
DFLMLS500206,WH/C/1/2,152
DFLMLS500207,WH/C/1/2,126
DFLMLS500207,WH/Z,50
DFLMLS500208,WH/C/1/1,60
DFLMLS500208,WH/C/1/2,50
DFLMLS500209,WH/C/1/2,50
DFLMLS500210,WH/C/1/3,135
DFLMLS500211,WH/C/1/3,100
DFLMLS500212,WH/C/1/3,0
DFLMLS500213,WH/C/1/2,147
DFLMLS500214,WH/C/1/2,115
DFLMLS500215,WH/C/1/2,130
DFLMLS500216,WH/C/1/2,96
DFLMLS500217,WH/C/1/1,0
DFLMLS500218,WH/C/1/3,75
DFLMLS500219,WH/C/1/3,47
DFLMLS500220,WH/C/1/3,114
DFLOQS500101,WH/D/6/4,6
DFLOQS500102,WH/C/3/3,30
DFLOQS500103,WH/Z,0
DFLOQS500104,WH/C/3/3,31
DFLOQS500105,WH/C/3/3,13
DFLOQS500106,WH/C/3/3,35
DFLOQS500107,WH/D/5/4,2
DFLOQS500108,WH/D/5/4,7
DFLOQS500109,WH/D/5/4,4
DFLOQS500110,WH/C/3/3,20
DFLOQS500111,WH/D/5/4,1
DFLOQS500112,WH/D/5/4,0
DFLOQS500113,WH/D/5/4,18
DFLOQS500114,WH/Z,0
DFLPBP500601,WH/C/2/4,0
DFLPBP500602,WH/C/2/4,0
DFLPBP500603,WH/C/2/3,0
DFLPBP500604,WH/C/2/2,0
DFLPBP500605,WH/C/2/1,0
DFLPBP500606,WH/C/2/1,0
DFLPBP500607,WH/C/2/1,0
DFLPBP500608,WH/C/2/2,0
DFLPBP500609,WH/C/2/3,0
DFLPBP500610,WH/C/2/4,0
DFLPBP500611,WH/Z,0
DFLPBP500612,WH/C/2/4,0
DFLPBP500613,WH/C/2/2,0
DFLPBP500614,WH/Z,0
DFLPBP500615,WH/Z,0
DFLPBP500616,WH/C/2/3,0
DFLPBP500617,WH/Z,0
DFLPBP500618,WH/C/2/2,0
DFLPBP500619,WH/C/2/1,0
DFLPBP500620,WH/C/2/4,0
DFLPBP500621,WH/Z,0
DFLPBP500622,WH/C/2/2,0
DFLPBP500623,WH/Z,0
DFLPBP500624,WH/C/2/4,0
DFLPBP500625,WH/C/2/3,0
DFLPBP500626,WH/C/2/4,0
DFLPBP500627,WH/Z,0
DFLPBP500628,WH/C/2/3,0
DFLPBP500629,WH/C/2/4,0
DFLPBP500630,WH/C/2/3,0
DFLPBP500631,WH/Z,0
DFLPBP500632,WH/C/2/1,0
DFLPBP500633,WH/C/2/4,0
DFLPBP500634,WH/Z,0
DFLPBP500635,WH/C/2/4,0
DFLPBP500636,WH/C/1/1,0
DFLPBP500637,WH/C/2/1,0
DFLPBP500638,WH/Z,0
DFLPBP500639,WH/Z,15
DFLPBP500640,WH/Z,15
DFLPBP500641,WH/Z,0
DFLPBP500642,WH/C/2/2,0
DFLPBP500643,WH/Z,0
DFLPBP500644,WH/C/2/1,0
DFLPBP500645,WH/C/2/1,0
DFLPBS500601,WH/C/2/4,22
DFLPBS500601,WH/Z,150
DFLPBS500602,WH/C/2/4,14
DFLPBS500602,WH/Z,150
DFLPBS500603,WH/C/2/3,0
DFLPBS500603,WH/Z,250
DFLPBS500604,WH/C/2/2,23
DFLPBS500604,WH/Z,150
DFLPBS500605,WH/C/2/1,1
DFLPBS500605,WH/Z,97
DFLPBS500606,WH/C/2/1,19
DFLPBS500606,WH/Z,100
DFLPBS500607,WH/C/2/1,4
DFLPBS500607,WH/Z,150
DFLPBS500608,WH/C/2/2,49
DFLPBS500608,WH/Z,400
DFLPBS500609,WH/C/2/3,15
DFLPBS500609,WH/Z,0
DFLPBS500610,WH/C/2/4,0
DFLPBS500610,WH/Z,147
DFLPBS500611,WH/C/3/2,0
DFLPBS500611,WH/Z,200
DFLPBS500612,WH/C/2/4,0
DFLPBS500613,WH/C/2/2,0
DFLPBS500613,WH/Z,198
DFLPBS500614,WH/C/2/1,0
DFLPBS500614,WH/Z,263
DFLPBS500616,WH/C/2/3,0
DFLPBS500616,WH/Z,435
DFLPBS500617,WH/Z,0
DFLPBS500618,WH/C/2/2,13
DFLPBS500618,WH/Z,220
DFLPBS500619,WH/C/2/1,51
DFLPBS500619,WH/Z,100
DFLPBS500620,WH/C/2/4,0
DFLPBS500621,WH/Z,0
DFLPBS500622,WH/C/2/2,9
DFLPBS500622,WH/Z,242
DFLPBS500623,WH/C/3/1,0
DFLPBS500623,WH/Z,482
DFLPBS500624,WH/C/2/4,5
DFLPBS500624,WH/Z,100
DFLPBS500625,WH/C/2/3,22
DFLPBS500625,WH/Z,300
DFLPBS500626,WH/C/2/4,0
DFLPBS500626,WH/Z,192
DFLPBS500627,WH/C/2/1,0
DFLPBS500627,WH/Z,47
DFLPBS500628,WH/C/2/3,90
DFLPBS500628,WH/Z,0
DFLPBS500629,WH/C/2/4,44
DFLPBS500629,WH/Z,300
DFLPBS500630,WH/C/2/2,0
DFLPBS500630,WH/Z,277
DFLPBS500631,WH/C/2/3,0
DFLPBS500631,WH/Z,99
DFLPBS500632,WH/C/2/1,22
DFLPBS500632,WH/Z,100
DFLPBS500633,WH/C/2/4,0
DFLPBS500633,WH/Z,65
DFLPBS500634,WH/C/3/1,0
DFLPBS500634,WH/Z,47
DFLPBS500635,WH/C/2/4,28
DFLPBS500635,WH/Z,0
DFLPBS500636,WH/C/2/2,33
DFLPBS500636,WH/Z,200
DFLPBS500637,WH/C/2/1,67
DFLPBS500637,WH/Z,200
DFLPBS500638,WH/Z,0
DFLPBS500639,WH/C/2/2,0
DFLPBS500640,WH/C/2/3,0
DFLPBS500640,WH/Z,199
DFLPBS500641,WH/C/2/1,118
DFLPBS500641,WH/Z,200
DFLPBS500642,WH/C/2/1,26
DFLPBS500642,WH/Z,200
DFLPBS500643,WH/C/2/2,0
DFLPBS500643,WH/Z,198
DFLPBS500644,WH/C/2/3,0
DFLPBS500644,WH/Z,198
DFLPBS500645,WH/C/3/1,0
DFLPBS500645,WH/Z,96
DFLPBS500646,WH/C/1/1,16
DFLPBS500647,WH/C/3/1,50
DFLPBS500647,WH/Z,10
DFLPBS500648,WH/C/2/2,341
DFLPBS500649,WH/C/2/1,55
DFLPBS500650,WH/C/2/3,67
DFLPC500601,WH/Z,0
DFLPC500602,WH/Z,0
DFLPC500603,WH/Z,0
DFLPC500604,WH/Z,0
DFLPC500605,WH/Z,0
DFLPC500606,WH/Z,0
DFLPC500607,WH/Z,0
DFLPC500608,WH/Z,0
DFLPC500609,WH/Z,0
DFLPC500610,WH/Z,0
DFLPC500611,WH/Z,0
DFLPC500612,WH/Z,0
DFRESP50001,WH/Z,0
DFRESP50002,WH/Z,0
DFRESP50003,WH/Z,0
DFRESP50004,WH/Z,0
DFRESP50005,WH/Z,0
DFRESP50006,WH/Z,0
DFRESP50007,WH/Z,0
DFRESP50008,WH/Z,0
DFSPKS503001,WH/D/8/1,0
DFSPKS503001,WH/Z,98
DFSPKS503002,WH/D/8/1,0
DFSPKS503003,WH/D/8/1,2
DFSPKS503004,WH/D/8/1,0
DFSPKS503004,WH/Z,123
DFSPKS503005,WH/D/8/1,3
DFSPKS503006,WH/D/8/1,0
DFSPKS503006,WH/Z,0
DFSPKS503007,WH/D/8/1,0
DFSPKS503007,WH/Z,118
DFSPKS503008,WH/D/7/1,0
DFSPKS503008,WH/Z,0
DFSPKS503009,WH/Z,50
DFSPKS503010,WH/D/8/1,9
DFSPKS503011,WH/D/8/1,27
DFSPKS503011,WH/Z,150
DFSPKS503012,WH/D/7/1,53
DFSPKS503012,WH/Z,150
DFSPKS503013,WH/D/7/1,14
DFSPKS503014,WH/D/8/1,0
DFSPKS503015,WH/D/7/1,0
DFSPKS503015,WH/Z,102
DFSPKS503016,WH/D/8/1,0
DFSPKS503016,WH/Z,86
DFSPKS503017,WH/D/8/1,0
DFSPKS503018,WH/D/8/1,3
DFSPKS503019,WH/D/8/1,0
DFSPKS503020,WH/D/7/1,0
DFSPKS503020,WH/Z,0
DFSPPS503001,WH/D/7/1,0
DFSPPS503001,WH/Z,106
DFSPPS503002,WH/D/7/1,0
DFSPPS503002,WH/Z,90
DFSPPS503003,WH/Z,0
DFSPPS503004,WH/D/7/1,0
DFSPPS503004,WH/Z,151
DFSPPS503005,WH/D/8/1,3
DFSPPS503006,WH/D/7/1,0
DFSPPS503006,WH/Z,1
DFSPPS503007,WH/D/6/1,0
DFSPPS503007,WH/Z,90
DFSPPS503008,WH/D/6/1,64
DFSPPS503009,WH/Z,0
DFSPPS503010,WH/D/6/1,2
DFSPPS503011,WH/D/6/1,0
DFSPPS503011,WH/Z,105
DFSPPS503012,WH/D/6/1,2
DFSPPS503013,WH/D/6/1,0
DFSPPS503013,WH/Z,122
DFSPPS503014,WH/D/6/1,0
DFSPPS503014,WH/Z,100
DFSPPS503015,WH/D/6/1,0
DFSPPS503015,WH/Z,5
DFSPPS503016,WH/D/7/1,8
DFSPPS503017,WH/D/6/1,10
DFSPPS503018,WH/D/6/1,57
DFTBVS502001,WH/G/1/2,145
DFTBVS502002,WH/G/1/2,244
DFTBVS502003,WH/G/1/2,135
DFTBVS502004,WH/G/1/2,28
DFTBVS502005,WH/G/1/2,60
DFTBVS502006,WH/G/2/2,65
DFTBVS502007,WH/G/1/2,0
DFTBVS502008,WH/G/1/2,615
DFTBVS502009,WH/G/1/2,0
DFTBVS502010,WH/G/1/2,0
DFTBVS502011,WH/G/1/2,280
DFTBVS502012,WH/G/2/2,374
DFUIFP500001,WH/Z,0
DFUIFP500002,WH/Z,0
DFUIFP500003,WH/Z,0
DFUIFP500004,WH/Z,0
DFUIFP500005,WH/Z,0
DFUIFP500006,WH/Z,0
DFUIFP500007,WH/Z,0
DFUIFP500008,WH/Z,0
DFUIFP500009,WH/Z,0
DFUIFP500010,WH/Z,0
DFUIFP500011,WH/Z,0
DFUTBS502501,WH/D/8/1,44
DFUTBS502501,WH/Z,0
DFUTBS502502,WH/C/5/3,40
DFUTBS502502,WH/Z,0
DFUTBS502503,WH/C/6/3,32
DFUTBS502503,WH/Z,0
DFUTBS502504,WH/C/6/3,23
DFUTBS502504,WH/Z,0
DFUTBS502505,WH/C/6/3,42
DFUTBS502505,WH/Z,0
DFUTBS502506,WH/C/7/3,33
DFUTBS502506,WH/Z,0
DFUTBS502507,WH/C/7/3,42
DFUTBS502507,WH/Z,0
DFUTBS502508,WH/C/7/3,27
DFUTBS502508,WH/Z,0
DFUTBS502509,WH/C/5/3,25
DFUTBS502509,WH/Z,0
DFUTBS502510,WH/C/6/3,53
DFUTBS502510,WH/Z,0
DFUTBS502511,WH/C/6/3,38
DFUTBS502511,WH/Z,0
DFUTBS502512,WH/C/6/3,20
DFUTBS502512,WH/Z,0
DFUTBS502513,WH/C/6/3,3
DFUTBS502514,WH/C/6/3,68
DFUTBS502514,WH/Z,0
DFUTBS502515,WH/C/6/3,16
DFUTBS502515,WH/Z,0
DFUTBS502516,WH/C/6/3,0
DFUTBS502516,WH/Z,0
DFUTBS502517,WH/Stock,0
DFWAFP500001,WH/Z,0
DFWAFP500002,WH/Z,0
